0.0246457175970905 -0.0202425104780281 0.00354625424663992 -0.0506859928709293 0.165668663616665 -0.179186155448891 0.211769845703584 -0.0371045867594083 0.0286591332112676 -0.00572040195862315 0.0480568862359255 -0.0483516141672605 0.00680589311469134 -0.00583286981267441 0.0320530327608255 -0.0157611003098057 0.0406068004285145 -0.0165350212619439 0.039741520546677 -0.055904124644699
-0.0187300680715064 0.00144126933083641 0.0327712338521739 0.0165258881546345 0.0183142649462812 0.0055569169385532 -0.0133547074731979 0.0885970565746249 0.0809487051780013 -0.0610493010013554 0.0149907010628391 -0.0179332606041331 0.0190836003872287 -0.0152199251361662 0.0169819278969927 0.0220203665613374 -0.0665883547390027 0.0031990593633553 -0.0396630239736524 -0.0861099740795901
-0.0517668348134768 -0.0687752997284623 -0.0580835123335737 0.152776211030283 0.00301433966289555 -0.0528910863151907 -0.0829145802949668 0.211502154865273 0.142987047630884 0.183346675081352 0.0686644041303003 -0.0752378024657119 0.0257111225368881 -0.0816477020291949 0.0865127198447857 0.250280259067749 -0.391604394784957 0.0281479075426646 -0.185487269634642 -0.112586628939829
-0.0553419113375184 -0.0686583165934763 -0.0747753761236136 0.100239229460874 -0.011661580466638 -0.0195886694206291 0.00309175647751543 -0.0149451179396216 -0.0164017666199133 0.00997504614599772 0.00168350678903831 -0.103131739010629 -0.00900718072055242 0.00247288841748989 0.0293721458516484 -0.0150501052727856 0.0222205805589407 -0.00333086060815845 0.0182437272057902 0.00721114470813705
8.87922825309473e-05 -0.00450026866589343 0.00281091212226782 -0.00328228825104893 -0.0100248277508421 -0.0188007880075614 -0.00600489869835743 0.00211716375767181 0.00175145797682147 -0.00246797541899152 -0.0021692460369554 0.0129806241571178 0.000769938393318983 -0.00628498576020972 0.0778597083372964 0.01484302633611 -0.0165094425783486 0.0374297752038573 0.041617930431187 0.0126863557048072
-0.209406129296575 -0.0992429859437305 0.103421853611354 -0.0222319411133807 -0.0279404687205218 -0.0194319298496499 -0.00609289889654427 0.0207478387838124 0.041326756074504 -0.0238662113894914 0.00585524668356069 0.0309149189456596 0.00236528027780852 -0.00317296801036908 0.0196529134240532 0.00225438350942156 0.00421854061111811 -0.0110406902874533 -0.013337306759574 -0.00841938051410815
-0.10413710265744 -0.115312146513005 -0.107372758826613 -0.0696853619916466 -0.0260825605872486 -0.00936045138337487 -0.0113332252307815 -0.000508664423925789 -0.0111513373684513 -0.00745183560763552 -0.00652741558334841 0.0567953552130356 0.00724404752653419 0.00366728364241785 -0.000976598688461727 0.00917413289173084 0.00910485884282173 -0.0109465429138965 -0.00260443786670243 -0.00586517319926854
0.0217085517589613 -0.0212057387598515 0.0205558726450853 0.010382573760663 0.0185612691439319 -0.0391130206036788 -0.0682294920288431 0.129966870190283 -0.251256149795753 -0.0717134934398231 0.0632027095149774 0.0126535386958876 0.00505437147467824 0.0159989004854378 0.00344432967317465 0.0195455259987906 0.0421859543383024 -0.0143617289498581 0.0330980297244747 -0.0438884838794017
-0.00271292842856891 0.00990128712223361 -0.00740543664693699 -0.000801040614345216 0.0300118224451938 0.0380994742487021 0.0029026108089136 0.000500194742941523 -0.00349848757275711 0.00790079871531661 -0.000385058558580842 -0.000944079777729145 -0.0206279564319679 0.0003864464202943 -0.0784947951193853 -0.0152539119410359 -0.0482288214051337 0.25408722797543 0.188670449941047 -0.00272135194022977
0.00126632831877898 -0.00428695843027228 0.00528070674122851 0.00582845493849289 0.00304547691574142 -0.00336558168546022 -0.0166210882256427 0.0302789066610473 0.021270410274737 0.0835627567217209 0.0175483712527382 0.0206446186072739 -0.00256284043936311 -0.00698515026967928 0.00577053850439435 0.0319180250952858 0.0407353955786247 0.0146511662692645 0.0287033802422237 -0.0443742722077563
-0.209340735730919 -0.099288729611561 0.103348219167591 -0.0222359204540347 -0.026083129669183 -0.0171311840581138 -0.00611925815986752 0.0210198590735997 0.0411969381946207 -0.0240316483845411 0.00215692503832932 0.03082698977385 0.00205408089654108 -0.00300438978844309 0.0224703891219522 0.00318300606767599 0.0036908388349326 -0.0116333022177636 -0.0134455677796193 -0.00909597365133327
-0.0228746723452762 -0.0169849219730072 -0.014745377538116 -0.147129729932313 -0.0279467302099145 0.0119096026659146 -0.029523201604798 0.0204658982733062 -0.000542654426013478 0.0132486533206036 0.00550303816558961 -0.0612006622833353 0.001396269552552 0.0246282091406292 0.00724617832399266 0.00906796907980977 0.00432177314639543 -0.00337822239937856 -0.000183156809457255 -0.00538417946832825
0.00524959551445064 -0.00460764704120289 0.00298153973653576 -3.63042867430742e-05 0.00671844255682426 -0.00261917249536792 -0.0434997622835632 -0.040734657790879 0.0159401095057696 -0.0113343708925032 0.0168000149282638 0.0022263748917517 0.00473390260414615 0.00302832738532266 -0.000191420806658404 -0.0811337198532868 -0.084314418491261 -0.0798405641842115 0.0887861845019133 -0.0833064721637093
0.00354615350765228 -0.00369088667569729 -0.000371895944122884 0.00100681210880166 0.00519291474534579 -0.00681206128817397 0.00208923915526066 0.00665797451258948 0.00354191720114383 0.010119087957948 0.000798308697650796 -0.012188127093266 -0.0149927425045495 -0.0160070994652091 0.0027960312868448 0.0177164142432214 -0.110880450158487 0.0777187710909124 -0.123226854260765 -0.0215191117739632
0.0535589591094757 0.0627958688535049 0.0791938169869192 -0.101578157051429 0.0364413753800791 0.0170933197896262 -0.0129044687662745 0.0176918121991831 0.0157503804760406 -0.00385475072643335 -0.00292921288758302 0.111954950801306 -0.00790223528941082 -0.00443636935248309 -0.0369726188721618 0.0078611597511194 -0.0362903373170897 0.00387976482818671 -0.0286236654832625 0.00362327954780561
-0.0285771419193049 0.00146970888192922 0.0540814335539666 0.0230021862786132 0.0330254328138028 0.0101341004530719 -0.0160421730759907 0.141287603608474 0.132772062345647 -0.114802320823396 0.0409412401377347 -0.0244997298234206 0.0390860529099009 -0.0283615240920358 0.0245918895444656 -0.0288996212345498 0.00975860434617223 0.0101480600548717 -0.00723583007342954 -0.0183848509979652
0.000510399839879462 0.00503303719628001 -0.00383240043560248 -0.000924415475368891 0.000638386569551367 -0.00880229004773378 -0.0010566053452348 0.00335963684350624 0.000549132702666044 0.00160197430159927 0.000787626896302129 0.00352968985525109 0.00366190424166837 -0.00200573024589795 -2.79230616666987e-05 0.011163625424883 -0.0315304572563291 -0.0122242531344929 -0.00146972928336286 0.0344650771419114
-0.010841050219873 0.00140753151276995 0.0200669937787414 0.00725257185945757 0.0116897076549543 0.00582833541124056 -0.00472917496108649 0.0520348457004748 0.050776903978778 -0.0543370902805771 0.0261714453138673 -0.00693539431767204 0.0202302042682734 -0.0129252808599909 0.00561305515619842 -0.0454302693941937 0.0769529741424961 0.00287202043789345 0.0323200801064588 0.0632310145309979
-0.000772381331757709 -0.00501642408366271 -0.00702364096352187 -0.00620139822935315 -0.000596011609445103 0.011110263004692 0.00308246400010363 0.00592345697408747 -0.0110827006794165 -0.000717169065984874 0.00498841463287225 -0.00903927779184199 -0.00010525762048863 0.00799700334812756 -0.0171609952107833 -0.00141231847431472 -0.0282091281864922 0.0156516844552543 0.00639649621771338 0.0469115474620577
0.0240647671643742 -0.0197732962563324 0.00339700815292867 -0.0503515991939331 0.163977166550312 -0.177369359454944 0.210486698631098 -0.0357892332590697 0.0278441412188134 -0.00540229197239539 0.0471767436869951 -0.0476358583373601 0.00672732102388976 -0.00557307798706524 0.0318293673125754 -0.0160167310782563 0.0406501679321322 -0.0163677473996928 0.0390381359405409 -0.0531753543226304
-0.0547725746127479 -0.0690663141496368 -0.0744608215751038 0.100221885492499 -0.00976796803040314 -0.0202044952833654 0.00488932476871472 -0.014894176438213 -0.0158513336767589 0.009850685323267 0.00290932052558972 -0.103729734296266 -0.0113153070545103 0.00494904943835928 0.030275362782622 -0.0137579127181064 0.0220150295125633 -0.00396758000894441 0.0192723753137088 0.00711699091661662
0.0260252222500535 -0.0189040728434978 0.00617709158263252 0.00251905450154732 0.0149092394300203 -0.0154981033994596 -0.14000612049071 -0.131715810807469 0.0616418670311285 -0.0491280651437557 0.0527154959135434 0.000622708624580415 0.0108571486946761 0.00317264450181637 -0.00155648135311946 -0.0781119269199172 -0.126908094284214 -0.15273136357233 0.17781925979323 -0.210308330180264
-0.00300410418962004 0.00221161921304526 -0.00338830511769341 -0.00814122075736965 0.00480841200979607 0.00862989562787568 -0.00250207342779257 0.00673418172677388 -0.00361582829222384 0.000937973809409298 0.00406364337461097 -0.00590542775341 0.00205171046454991 0.00414498450093914 -0.0209732777530201 0.00365884602682204 -0.0141399740340069 0.00700299677270516 0.00488197851665023 0.0136237812515602
0.0145178765989415 0.00752874370089143 -0.0105279646978963 0.0224134469763585 -0.00432032424289557 -0.0297395351049543 -0.070126870056528 0.0701672713674452 0.0756283516590519 0.198564190843271 0.0628472395236526 0.0446248183019254 0.0235885297459688 -0.0360303350081949 0.0349197443983707 0.179107459687904 0.0345996616565177 -0.0780328103421085 0.0989301184748391 -0.0837616709151039
-0.0133487184295845 -0.0117306353660518 -0.0075395705142084 -0.0856717285968383 -0.0148544841003839 0.00798791948050387 -0.0169856198345075 0.0118990696628002 -0.000566214000352852 0.00893102417496591 0.00329407825253647 -0.035537491416138 0.00121628162372367 0.00867811116100001 0.00160966495786746 0.00343629034560256 0.00220850890146279 -0.000560128081999553 0.0030621838396521 -0.00272298758808487
-0.0323377641826143 0.00353131430914632 0.0566130051029808 0.0250838498003186 0.0343731112800104 0.0165710678969578 -0.017883549604387 0.143836260494465 0.134497857242698 -0.119596326130917 0.0432424530884116 -0.0258590234453283 0.0401694424358441 -0.0286315508506903 0.0264108039387302 -0.0245031722534036 0.0121024655360485 0.00315653469583092 -0.00733549544490464 -0.0220152108330235
-0.0603092889331184 -0.0460768314705991 -0.0880529025882172 0.113484109433932 0.0578413156233507 0.0606458245725996 0.0124043525576456 -0.0178023058961772 -0.0238180922287971 0.0418909910662779 0.0130434060702137 -0.146723627220959 -0.0157396207756324 0.0379359646027642 -0.295275556187306 -0.065213480480001 0.113688117685043 -0.144455646073878 -0.147133471944821 -0.0766870874789694
-0.010841050219873 0.00140753151276997 0.0200669937787414 0.0072525718594576 0.0116897076549544 0.00582833541124033 -0.00472917496108659 0.0520348457004745 0.0507769039787783 -0.0543370902805776 0.0261714453138673 -0.00693539431767135 0.0202302042682735 -0.0129252808599917 0.00561305515619881 -0.0454302693941948 0.0769529741424977 0.00287202043789395 0.032320080106459 0.063231014530998
-0.103707152026838 0.0144433016319382 0.210870511970976 0.0469101035123946 -0.00391990618181857 -0.0155865421292461 0.00726562752704961 0.0183084381783442 0.0521033173596189 -0.0200770875943704 0.0109533376835844 -0.0261305749298179 -0.00396545024046044 -0.00672421157560625 0.0311895283067218 -0.0025448215039057 0.00229236002167107 -0.00131435912653367 1.68713664749354e-05 -0.00107788963762481
-0.066215543313339 0.05976322750437 -0.0232860482013186 -0.0140090949643514 0.272679271948524 -0.179109502000772 -0.193286312973985 0.0284043925735978 -0.045913974579496 0.0607132935567375 -0.070490175329051 0.00634261201314366 -0.0179703189326832 0.0489591773419323 0.00971350675933638 -0.0733507240021337 -0.033327730209644 0.0600579065486228 -0.0974604009114721 0.093209038049095
-0.0992163960341987 -0.111555680769331 -0.105712512343795 -0.0656710242936459 -0.0280207770599212 -0.0107277088545517 -0.0113289055263916 -0.00348395396436307 -0.0153896275851724 -0.00469826656505949 -0.00676331313987549 0.0354867525702048 0.00464282213069604 0.00420719848046256 0.00787435458219067 0.00475905810273504 0.014824410864522 -0.0137165945275854 0.00025348452190442 -0.00373344217417243
-0.055372814708048 -0.0688662590425592 -0.0736841551943057 0.100780879663758 -0.0107374817608082 -0.0188765971082778 0.00312856849282399 -0.0129038835293594 -0.0143710174225071 0.00809134235055544 0.00340571538426223 -0.103708920833673 -0.0104948044497212 0.0043391839758289 0.0299238235992411 -0.0155644800984135 0.0246316189404786 -0.00358651266229837 0.0202245483499934 0.00959768548176541
-0.068481658270724 0.0108694283642977 0.148796670678258 0.0209662089161731 -0.0370402708770749 -0.0267004993758229 0.0242729857282078 -0.128156139641166 -0.0851153320976206 0.102053713999761 -0.0342708640726597 -0.00104738412942534 -0.0440012627492572 0.0183493230179785 0.0103529924472019 0.0260566289640814 -0.00591112318366696 -0.00317204293910311 0.00886108931068974 0.0115063666596137
-0.100861382592707 -0.113095476528942 -0.106404711149962 -0.0660218734287582 -0.0271691000552132 -0.0118235050172262 -0.0115347408057909 0.000316117505836977 -0.0152763379659317 -0.00913471739825596 -0.00563451097340575 0.0500514392953537 0.00773661873700219 0.00436205474293699 0.00754522472342613 0.00454267656043651 0.0127302716086382 -0.01307063996719 -0.00272153748287963 -0.00318678722520632
0.0112492755309957 0.024632327981785 0.0168080880618815 0.0196787618079103 -0.1819731427818 0.0336477043090987 0.0933937401136534 -0.0188462274792641 0.0141659601261125 0.0519695028862821 0.0563182124640545 0.0626013870477593 0.0336804430109174 0.317305661554319 0.137291081231106 -0.337786857794353 0.0756289242716907 0.127261998147731 -0.135118301049711 -0.0803453057423775
0.0204253732938604 -0.0190207221857767 0.00756742897908311 0.00155432321124485 0.0199774335794779 -0.016104753043993 -0.114706614617762 -0.110876928429141 0.0461369686213797 -0.0555646874148377 0.0372304479884195 -0.0039363711900277 -0.000228391243018808 0.00425068204717104 0.00468871398139754 0.115884058046399 0.169030725011456 0.123695096666839 -0.1194714795776 0.127866998508502
-0.0187300680715056 0.00144126933083589 0.0327712338521729 0.0165258881546339 0.0183142649462804 0.00555691693855363 -0.0133547074731982 0.088597056574623 0.0809487051779997 -0.0610493010013528 0.0149907010628384 -0.0179332606041332 0.0190836003872283 -0.015219925136166 0.0169819278969922 0.0220203665613369 -0.066588354739001 0.00319905936335551 -0.0396630239736518 -0.0861099740795877
-0.0566182851617259 -0.0688761358507869 -0.0703915412126678 0.101515532723033 -0.0125134498536609 -0.02002629227581 0.00297284885332781 -0.0195782853429052 -0.0179396272028468 0.0128285236069292 0.0022215107765666 -0.103620761780999 -0.0122751674904407 0.00696511624472795 0.0311289555966771 -0.0146413208098517 0.024523249863122 -0.00107836591882185 0.01697642371817 0.0076316659071564
0.00289289420293572 -0.000119041430959291 0.000758964881735228 0.000497971495582142 0.000182345529085962 -0.00100879579378228 -0.00802630838224936 -0.00278446360941228 0.00363150175025338 -0.00418574102874984 -0.000623388459464575 -0.000681759515048312 0.00211539141632044 0.0035346349637063 -0.00427266555800481 -0.00773002514801639 -0.0018818361957748 -0.000390988648633133 -0.00969540683601921 0.00375378484648281
-0.00381260333676605 0.0178988312297526 -0.0123104039257361 -0.00425846277482033 0.122577055875937 0.175288934226442 0.0172707899625625 -0.0290514473937131 -0.0450857863753565 0.00613076241388339 -0.00520358339745521 0.0032371820384974 0.0106059928725131 -0.0329670290083454 0.189233393240975 0.0126090576240681 0.0187773120265901 -0.0379473047978249 -0.0229769239018944 -0.0167341824270759
0.00701888566467873 -0.00593833321940798 0.00235425962172248 0.000314575253433326 0.00833668454971714 -0.00354898000839385 -0.0524138084505448 -0.0469624263333746 0.0207726908676554 -0.0141134519738994 0.020918769265835 0.00188248118418719 0.00573156249423089 0.00334452515532225 -0.000157470726046087 -0.0927410753922421 -0.103973875739276 -0.0955834084350894 0.104416956693969 -0.10649963705317
0.00297897067426018 -0.00194069219562995 -0.00105711124671207 0.0013632909403312 0.00732553035526193 -0.00442634135336892 0.00173723484157141 0.00917439007381545 0.00221493032718011 0.0126917204704443 0.00307000162548168 -0.0124898222728817 -0.01623881092453 -0.0133606638199176 -0.00325860065281082 0.0130545739012201 -0.116892125561271 0.0799517805733644 -0.129668295227214 -0.0170834071045483
-0.0226891474586252 -0.0199613172958911 -0.0130152038010683 -0.146840461002135 -0.0258543754957421 0.0136169232990387 -0.0291042136346251 0.0200791345090665 -0.000941798304630975 0.0144784128814931 0.00581344115908331 -0.0619792546112164 0.000128783915078439 0.01563468643427 0.00440133839590795 0.00500349382373496 0.00310646896542749 -0.00463197233881961 -0.0010220762560344 -0.00333842690678307
0.00183782456704748 0.00315920626644346 -1.12834512203894e-05 0.00612961349984991 -0.00205162208424322 -0.00551559098910519 -0.0121144465074638 0.0166789403620309 -0.00466028600366688 0.00507452587195669 0.000961408022288983 -0.000276882916520673 0.0156836444930017 -0.0136742974364496 0.00059516027797452 -0.00592758912579683 -0.105173983513301 -0.00608764908885276 -0.0394525248847979 0.0792166018654821
0.0197787064964001 -0.0186002752845025 0.0179872553401988 0.00967325539696782 0.0183506042044729 -0.0385019789593361 -0.0632446369086136 0.125129585237852 -0.239240694283506 -0.0695574599455043 0.0610016708405194 0.0132556340721372 0.000132835476357945 0.0147002091680414 0.00339194948871864 0.0204374096174795 0.0400455243372925 -0.0160065191661691 0.0352553312510698 -0.043339371405308
-0.00460663996696803 0.0342622139321034 -0.0171093922554034 -0.00384801367799239 -0.0389121385602017 -0.0421630478614562 -0.0156575545291439 -0.0189306811115773 -0.0250832052945831 0.0121657292268828 -0.0571480562537612 -0.0198084405131343 0.162604636992947 -0.191924025515729 0.0100570728776551 -0.0902853375008711 0.0682212293149603 0.0502142961717912 -0.028748598955717 -0.0772576575676093
-0.20810950890654 -0.101024681663035 0.103473748196726 -0.0224632834349468 -0.0309186839935522 -0.0232586357164058 -0.00549939622018981 0.017843595498568 0.0408469502897225 -0.0271781315455442 0.0039890166316814 0.0309154184401098 0.00302210615086102 -0.00427502424668751 0.0295180348024512 0.00616997508957629 0.0110816977247717 -0.0122746920611239 -0.00276881645373661 -0.0068647119886784
-0.0785883341383203 -0.0929194709193585 -0.09323868967911 0.0809202601133214 -0.00272834188403442 -0.0242444305929008 0.0196931210470423 -0.0230498838988372 -0.0130164311268143 -0.0223162049855478 -0.012494780944158 0.112802001581061 0.00650964204370113 -0.00985247672950349 0.00230858901797849 -0.000231221140852435 0.00928235373979349 -0.00901181916582903 -0.00199029611606037 -0.000914153633528213
-0.05807151559165 -0.0684758013032807 -0.0691834469481149 0.102827465851303 -0.0110229957108298 -0.0173353045355448 0.00340445051997252 -0.0126511214215455 -0.012358007582322 0.00577259435380348 0.0055354149800408 -0.104915386421686 -0.0110011536940451 0.00690952642451788 0.0258695627258657 -0.0156838213885434 0.023605466445142 -0.00866803658646589 0.0195862721011283 0.00897803538880114
-0.0139501581397815 -0.0112037472574662 -0.00805011474105812 -0.0931281523414225 -0.0149140039504967 0.00803837962749737 -0.0191868343022911 0.0123248682199466 -0.00302767056011798 0.00854029666348394 0.00517963776419978 -0.0425137740430806 -0.00260511565284535 0.0105637442400801 0.00722902106472626 0.00898749724259523 -0.00903709218890611 -0.00572962922668334 -0.0114766929313849 0.00102557743667713
0.00290293049622171 0.000682531604193309 -0.00101341240048347 0.00191705634659601 -0.00503725643199666 0.0125663933616841 0.00930587444605618 -0.00273245582467719 0.00229872030231528 -0.00281124810983534 0.000693836939568132 -0.00621190302110028 0.000557344436771291 0.00413408260203787 -0.0337498783972366 0.000359732049041861 0.00752030892174397 -0.0216832083530213 -0.00964710774560031 -0.00853889784001189
-0.0164470500650234 0.00441197503161298 0.0327288608913068 0.00392316410091147 -0.0016353391259346 -0.00248817445913718 -0.00132916174652168 -0.0191122494733547 -0.038824694996928 0.0228627921347713 -0.00247528900110016 0.00459303128842137 -0.0131199982277607 0.00514714710692927 -0.0124110697605553 0.0084132312008316 -0.0163261467198136 -0.0132813727631643 -0.00760181562677184 0.0251701566456277
-0.00164569868807826 0.0147391323349733 -0.00964292350308068 0.00693328933532915 -0.00754838587219222 -0.0100069793998589 -0.00813667790064032 0.0112723407951196 0.011166574069813 0.0136238198887745 0.00846298993072235 0.0013922618394015 0.00778662861219555 0.00133139347700372 0.00699680495315175 0.0874856348112245 -0.0616017329859864 -0.0405285312463502 0.0178891138705098 0.0316524913486342
0.0217762317081326 -0.0198891925405778 0.00872495540602219 0.00339229339171806 0.0178248601141974 -0.00990409338331142 -0.024595413159635 0.0502729651116557 0.0263342545818743 -0.014076989852893 -0.308513177922681 -0.0125010167681067 -0.0407393011063995 0.0586561983229099 0.00983187853387062 0.00799511036761279 0.0297224090495864 -0.0268928697189773 0.0287523153589581 -0.0117040919478221
-0.00410077016266804 0.0304012508493543 -0.0197473177239166 -0.0050341271914133 -0.0227468233427775 -0.0204823842475051 -0.00770863293237119 0.00921046715488975 0.00505485652746153 -0.0256126309122004 0.00912466231822792 0.0205075343203367 -0.233992768540086 -0.104945814529846 0.0193636533573963 -0.0628383747623099 0.0410055274054818 0.0280196604598608 -0.000774353912093422 -0.051736109746876
-0.00374492794070372 0.0336098401016826 -0.0206295006469367 -0.00513000653181275 -0.0290625909443987 -0.0271578361258729 -0.00924130272305975 0.00998054185041453 0.00496940489548125 -0.0280958453016811 0.0111251986542777 0.0157635041485215 -0.240213237896182 -0.108038634966927 0.0319112474876292 -0.0580675448025136 0.0488207439564115 -0.0126519747799853 -0.0230049855647657 -0.0426838175054975
0.00827660287942971 -0.00759570854330987 0.00336654360888085 0.00166822116724888 0.00685523049605391 -0.00300606767294436 -0.0100634415864167 0.0219574090237965 0.0110078728094132 -0.00678538412482921 -0.142041132254836 -0.00789882437132846 -0.0192639218499546 0.0283352717251581 0.00458633751967672 0.0114836343079716 0.0163804442392778 -0.0183459819691914 0.0212334565373368 -0.0113259084153454
-0.207302634393207 -0.100531821280779 0.103223190689315 -0.0223797482034112 -0.031591695231477 -0.0232499865539477 -0.00564649745880002 0.0161455082059337 0.0391098067321761 -0.0251177796693972 0.00405040251504133 0.0268131851144624 0.002203486161814 -0.00363503355659446 0.029865175963302 0.00471680317400311 0.0121462647534024 -0.0123954342906056 -0.00153455275677573 -0.00438117903390468
-0.010841050219873 0.00140753151276998 0.0200669937787415 0.00725257185945741 0.0116897076549541 0.0058283354112403 -0.00472917496108638 0.0520348457004735 0.0507769039787774 -0.054337090280577 0.0261714453138668 -0.00693539431767124 0.0202302042682735 -0.0129252808599912 0.00561305515619866 -0.0454302693941937 0.0769529741424969 0.00287202043789356 0.0323200801064585 0.0632310145309976
-0.0030591585342097 0.0286867158469991 -0.0179407289581209 -0.00427820173121212 -0.0247586752211957 -0.023307382466417 -0.00766232717833713 0.00950513613317765 0.00503356801904481 -0.0239025261796868 0.0107232672338207 0.014134865303777 -0.228895578730447 -0.104559637889796 0.0252238874039213 -0.0620401444227781 0.043361922610311 -0.00235625972671013 -0.0331296405448847 -0.0525666821573191
0.0178825550516897 -0.0175446542494971 -0.00250505476728586 0.0229715095065046 0.00143292456901232 -0.0093204709020949 -0.0557683287969912 0.0987856708451689 0.0649826274300552 0.26000629158047 0.0609495809538444 0.0699457866301211 -0.00410441380061291 0.0218704012414926 0.0508569152907634 -0.151684523828764 0.0688266754903334 -0.0240819528342904 0.0234780575222457 0.142978301478933
0.00191045893099768 -0.00360369602132547 0.000291216005005523 0.00272864486580655 0.000345961919872055 -0.00409141911456503 -0.00926700432215815 0.00815134745558575 -0.0194608071323541 0.00164482460641611 0.00369472198182457 -0.000544072066683084 0.0021963303191313 -0.00117730876762467 0.000173937058909535 -0.0186409696015067 -0.00371636871968881 0.00441288482325209 -0.0140788277582054 0.0172022516103587
0.0248149603821578 -0.0199875536369065 0.00344756508742434 -0.0508452623898447 0.163495356017854 -0.17890094357289 0.214149857903007 -0.0369042747240944 0.0281088191505794 -0.00563736074228653 0.0473331829848339 -0.0489376319195547 0.00947856722486535 -0.00950750044082996 0.032070597472791 -0.0159377365891344 0.0433109004035035 -0.0150650147938807 0.038783944146667 -0.0553561938561855
-0.0226891474586252 -0.019961317295891 -0.0130152038010683 -0.146840461002135 -0.025854375495742 0.0136169232990387 -0.029104213634625 0.0200791345090664 -0.00094179830463093 0.014478412881493 0.00581344115908331 -0.0619792546112161 0.000128783915078461 0.01563468643427 0.00440133839590786 0.00500349382373502 0.00310646896542747 -0.00463197233881955 -0.0010220762560344 -0.00333842690678313
-0.010841050219873 0.00140753151276998 0.0200669937787415 0.00725257185945741 0.0116897076549541 0.0058283354112403 -0.00472917496108638 0.0520348457004735 0.0507769039787774 -0.054337090280577 0.0261714453138668 -0.00693539431767124 0.0202302042682735 -0.0129252808599912 0.00561305515619866 -0.0454302693941937 0.0769529741424969 0.00287202043789356 0.0323200801064585 0.0632310145309976
0.00272322964261004 0.00651608729829731 -0.00452723428979796 0.00154229347166445 -0.0128645033396869 0.00154576894263283 0.00487976873741941 -0.000751997667619802 0.00177895368147519 -0.0062154420679696 0.00153692151595165 0.000872478728072045 -0.00139786951602745 -0.000405567556188787 -0.0027827373202485 0.0228690383718409 -0.00694071578107852 -0.0126661924593315 0.0123281808741188 0.0344779796706641
-0.022799361959042 -0.0193371223403339 -0.0134296222159577 -0.147269837744931 -0.0243698556267556 0.0155676155507059 -0.0289259381478775 0.0196342070753842 -0.00137125428524308 0.0146032794467738 0.00588525487677865 -0.062347574344594 0.000328495198997044 0.0155792424794488 0.0067790636041152 0.0064963799278271 0.00355155911011093 -0.00494974004243495 3.26175409239996e-05 -0.0016508557011928
0.000807394476501305 -0.000758943828180522 -0.00105754624608514 -0.000201071255589712 0.00899287972924698 0.00746780610959253 0.00916466333789648 -0.00161522087513594 -0.00158255467187093 -0.001371666337675 0.00335449215744313 -0.00740801935995595 0.000260801574171638 0.00284164323493211 -0.0480218134496235 -0.00797778979669665 0.0103549869220229 -0.0213219062870845 -0.029537476212622 -0.00251996312314381
-0.00272504277232773 0.0397268018306336 -0.020261262521563 -0.00263637641427998 -0.0422488151810108 -0.0498910610834715 -0.021650602336602 -0.012928480925299 -0.0240745666391391 0.00979186334856731 -0.113644499585891 -0.0238028943703772 0.173548167490494 -0.206998006438194 0.0118735792948478 -0.0960558215250828 0.0780840157865004 0.0469971106397191 -0.0245077790274247 -0.0764755936908858
-0.0114035284168876 0.00211434148888802 0.0207001480611438 0.00766756263620852 0.0113450730117998 0.00571289444132991 -0.00454570738098973 0.0515405860863252 0.050126148221138 -0.0537693108894812 0.0264101343470989 -0.00666727579991236 0.0204228092671867 -0.0104002666159493 0.00560846477934454 -0.0467399229977155 0.0774019148025244 0.00412941355578265 0.0316410118894327 0.0635709789616564
-0.00451297847170244 0.00378747296824724 -0.00104552253604902 -0.00137523351064869 0.0115671396564017 -0.00660604278328605 -0.00654129586205374 0.000365309097752538 -0.00205969409314147 -0.000620676489416517 -0.00262187553842415 0.000495981742563654 0.00349951066527815 0.00441494994841498 -4.29594804480679e-05 0.00619152987367002 -0.00286747508714484 0.00298902449689474 -0.00252071974582776 -0.0118167126963694
0.0235120747882187 -0.0229242044935932 0.0204578231762519 0.00991859638575854 0.0195966239655724 -0.0398534672392799 -0.0682004481120689 0.131773280055147 -0.256125540257314 -0.0750527638938537 0.0636612612239374 0.018139411198117 0.00460512403027196 0.0166651383120905 0.00110832497231314 0.024012478962821 0.0384702595839225 -0.0138255957937786 0.0311237640394115 -0.0334581266225622
-0.00109930567883671 0.00458880802900923 -0.00359038481912548 0.00257780271834515 0.0176371252432542 0.026393923439317 0.00370641766890316 0.00041942274412989 -0.00116741868880594 0.0107583749780613 0.00205378105285221 -0.00805489665260236 -0.00297002740788669 0.00836632696609375 -0.0870840646432268 -0.0150455900734762 0.0272021560839483 -0.0186247444787513 -0.0290471181549597 -0.0321947034529822
0.0251275286904291 -0.0202636667002207 0.00342238109976848 -0.0503163813538356 0.166073464648887 -0.180454450111125 0.212636640096371 -0.0343728250076697 0.0294528860649192 -0.00418146571481128 0.0433295945739978 -0.0483819992043032 0.00658560891944248 -0.00181041527883779 0.0342945050594554 -0.0192340437826502 0.038284211287915 -0.0148980488292917 0.0354574478385551 -0.0536948077085706
-0.00644189173411062 0.0582554201425828 -0.0327246818410903 0.0111126207450568 -0.06215042688391 -0.0334585825492242 0.00837235143201459 -0.00121709145266024 0.00793242193563902 -0.0165927367672644 0.0232162267197865 0.0316758335675637 0.0452880275718741 0.275820810134617 0.101207900935773 -0.0731691120690733 0.0683730621451212 0.118427089606469 -0.0915726819175132 -0.207232244900538
0.0118894443183693 -0.0116098671157052 0.00210502081923561 0.01370140633217 0.00798652754781719 -0.00939449312778548 -0.0398026948028352 0.0758729242505327 0.0516392013023798 0.185030862943857 0.0430041615325736 0.0439352067978188 -0.00258461777482094 -0.0209521240382462 0.0245397106167582 0.0653175230424858 0.0946028578719706 -0.00709438661391726 0.0406348339091709 -0.0809400971119665
0.0191647295623369 -0.0185474324230413 0.0182694416603885 0.0096771057629323 0.020133346546403 -0.0361075242804609 -0.0652901018825308 0.124916531772855 -0.238676368662859 -0.0667294969676862 0.0644807760171208 0.0131598038384359 0.00218957532286611 0.0178868310462159 -1.22591271687122e-05 0.0131037187305671 0.0336430233016631 -0.0147929743598995 0.0301747882065046 -0.0482385160383136
-0.0107546135656913 0.00221841377159307 0.0196840140192486 0.00756234335344172 0.0117405733725011 0.00586355268493001 -0.00571640364691704 0.0515769911874095 0.0513948260677613 -0.0552327786328224 0.0270162647969846 -0.00716523893608128 0.0206024865485652 -0.0125106726581502 0.00412995753664932 -0.0436514166617771 0.0757381879797746 0.000978956084540707 0.0336568614944398 0.0647412669213863
-0.0499304949384071 -0.0628922419295959 -0.0681537662497187 0.0934422117378439 -0.0100379666598963 -0.0179952105366425 0.00308810897865425 -0.0140662042204879 -0.0155012700194508 0.00920194032437652 0.00211892450924672 -0.0993290965842677 -0.0113783900073263 0.00448852724458991 0.0287615559774961 -0.0158874983470878 0.0199120745757014 0.000513426188123918 0.0181391596227902 0.00846639491147628
-0.0470621870096159 -0.0626768371617474 -0.0718156247843462 0.0952300646652078 0.00303470485833041 -0.0142646554795116 0.00685244539835279 -0.00646314358683685 -0.0127412114998293 0.0214540049958137 0.00400395586212417 -0.114843399420626 -0.0339113295211034 -0.0133064468274797 0.00861269546732354 0.000637387413614081 -0.113824515104423 0.15746941385722 -0.0489372863656626 -0.007954179106127
-0.0181473765637477 -0.0159730873402697 -0.0105947097421432 -0.119285168002369 -0.0214686501576412 0.0110128555545236 -0.0237978130417057 0.0162666693427196 -0.000494650824103323 0.0110956023335979 0.00505711947216831 -0.051944555792811 -0.00201727629519367 0.0134896885557346 0.00550358307446683 0.00362713438193624 0.000792962540190297 -0.0082031921598474 -0.00757659146819568 -0.00170481172987557
-0.000914253494780579 0.00627427219221217 -0.00561708609966371 0.00169809001676812 -0.0039612762357755 -0.00416045127879646 -0.0018189393244756 0.00295294411798696 0.00223241686427923 0.00124778135216764 -0.00130326593246952 0.00689563762000059 0.00387606768122899 -0.00117172905790949 -0.00156666177290266 0.0296009817495755 -0.0325414462701066 -0.0037779317399572 0.00274840067692094 0.0184404958641094
-0.00334581352727985 0.00327262887876234 -0.00350782392716299 -0.0129848697392095 0.0403067481884996 0.0358428538692762 -0.0163749918338712 0.04234965176015 0.0215697001510603 0.0919041551304322 -0.0028351995499651 0.0161581746971568 -0.0249149501609144 -0.00389862383414544 -0.0738522162758146 0.0309957347855782 -0.0211191633612997 0.296518272880065 0.238288699228039 -0.0512811058515962
-0.00644189173411062 0.0582554201425828 -0.0327246818410903 0.0111126207450568 -0.06215042688391 -0.0334585825492242 0.00837235143201459 -0.00121709145266026 0.00793242193563901 -0.0165927367672645 0.0232162267197865 0.0316758335675636 0.045288027571874 0.275820810134617 0.101207900935773 -0.0731691120690734 0.0683730621451213 0.118427089606469 -0.0915726819175134 -0.207232244900538
-0.0166191519052339 -0.0194366591056176 -0.0123058345218818 -0.135882687127326 -0.018980073146472 0.00483811445457099 -0.0341156065426577 0.00569828235166484 0.00291648165884672 0.00935813142916387 0.0102851212184242 -0.0637426011464474 0.00161607837496252 0.0258893365455493 0.00617529470588046 -0.00314799427739246 -0.00869530262962994 0.00532130319669772 -0.0240255666645703 -0.0142291679356018
-0.000755937038132934 0.00649305022444405 -0.00320523126440153 0.00310040992821642 0.0131040359332496 0.0153754872044809 0.000400653488718093 -0.00240329229273049 0.00136490736048833 2.6005512604601e-05 0.00393861797573231 -0.0125519074417149 -0.00345700531233092 0.00845600958706894 -0.0762084540786182 -0.0167909022200937 0.0135054120793199 -0.0396460713072474 -0.0425594920612186 -0.0152258417984968
-0.0157066815490025 0.00250922529378791 0.0347427183195264 0.00451524598969365 -0.00770366970922848 -0.00654927012624409 0.004789604815421 -0.0323607868727487 -0.0224780697298613 0.0246659460071517 -0.00956749497300893 -0.00053547748240366 -0.0125339589887912 0.000453664257352153 0.000147915152252747 0.0162241624739129 -0.00472253724827607 -0.0062863046315003 0.00466772078200718 0.00969643317182915
-0.0022975775804173 0.0192595283498634 -0.0106592007434888 0.0032847528389907 -0.0128986344889334 -0.00948513865043934 -0.000445083031910567 0.0015502861274989 0.00236933848927056 -0.00566234425391553 0.00349520630394223 0.00308822815594311 0.00772002371564893 0.0369251899704387 0.0114550688492394 0.0295190892494842 -0.00664561783867018 -0.00963788880328506 0.0139512783046464 0.0266979886542494
-0.010841050219873 0.00140753151276998 0.0200669937787415 0.00725257185945741 0.0116897076549541 0.0058283354112403 -0.00472917496108638 0.0520348457004735 0.0507769039787774 -0.054337090280577 0.0261714453138668 -0.00693539431767124 0.0202302042682735 -0.0129252808599912 0.00561305515619866 -0.0454302693941937 0.0769529741424969 0.00287202043789356 0.0323200801064585 0.0632310145309976
-0.00395634245915953 0.0285389081629776 -0.0156442517739197 -0.00320857340464005 -0.0246847968281908 -0.0243963882000192 -0.0107807088939126 0.013288773306452 0.0111049751336821 -0.0295278713448615 0.0121724724448129 0.0141860472179775 -0.22778981708658 -0.10578244062797 0.0312291199523178 -0.0606793870272588 0.042156213154475 -0.00475575917458399 -0.0276557742814907 -0.0576084716482364
-0.0497162772769729 -0.0631439814297469 -0.0681132698374618 0.0936174275757935 -0.0111908171799722 -0.0173262344435107 0.0040040246531963 -0.0141658648467864 -0.015399190622577 0.00898490445445473 0.00237849856259169 -0.0992687823812163 -0.0112764251997015 0.00463266539109634 0.0289044202536712 -0.0162081531432707 0.0203199781314974 0.00056480211716859 0.018237731137147 0.00811116080268168
0.00396586763548454 -0.00399933388411592 0.00215206321067691 -0.00432725107767966 0.0116299903709631 0.0018168362039065 -0.00144543206560472 -0.0115819843472703 0.000591576211242636 -0.00206147274096939 0.00235718274927408 -0.00090382397408817 -0.0010931625520781 -0.000161962281107718 0.00221590179378655 0.00384105314813576 -0.0131749370411259 0.0116749193642989 -0.0188391043253343 0.00826258876234396
-0.0214083675055047 -0.0168089116381627 -0.0149679372712353 -0.148383418585654 -0.0302309201663738 0.0105393502482789 -0.0307990042512516 0.020499003534343 -0.002153770296159 0.0124798793982464 0.00455386950449625 -0.0622121958187883 -0.0090472682945831 0.00858681445590469 0.00552511617061397 0.00527055910655912 0.00211501245573703 -0.00966722723381512 -0.00319495970387371 0.0104564348769498
-0.0188620390134251 0.00445111277501905 -0.0331281229125171 -0.143940510245891 -0.061824249973147 -0.00475001602832671 -0.0172258650478773 0.0390809112175209 0.0129451548613192 0.00361264865983884 0.02224435793488 -0.0174440941706272 -0.261158770209581 -0.103520574341089 0.0408098964278953 -0.0962459365376571 -0.0820235078332536 0.0819166616461973 -0.19896411922423 -0.0422845536480315
-0.0124089494090878 0.00296424557654038 0.0266333891665589 0.00348951890713061 0.00431420587409569 0.00852696097546436 0.00351200886403641 -0.0269898163885437 -0.0181569417928465 0.0180868054110875 -0.00704319972311894 -0.000610336217250461 -0.00736965214390933 -0.00330197027008408 0.0160517044449979 0.0124711462352727 -0.00129607445671079 -0.00440176986404819 -0.00209392338180828 0.00407755434477258
-0.00101283016981255 0.00526628538970565 -0.000699855292217466 0.00188651757295143 0.000562229342442108 -0.00303885958971873 -0.00209464065875425 0.00145688450085089 0.00258148471936436 -0.00224014617520662 -0.00820721525102282 -0.00112272851297946 0.000249021202095859 0.00691946778941227 -0.0057460681524048 0.0133658840257163 -0.00917559152983426 -0.0133888042135997 0.00218277249323634 0.0277781214218442
-0.00115154150314205 0.00739347825152255 -0.00435860586360544 0.00335142081921578 0.00512633904133164 0.00371246593780528 -0.00168690898205058 0.00468890133689666 -0.00434038040597369 0.00021066000662448 0.00298734507405877 -0.00479642353783228 0.00224782461404333 0.00347768417809999 -0.017025258162769 0.0131724952789174 -0.0269431660149589 -0.00360862467705442 0.00172014295479726 0.0243601146736485
-0.0226891474586252 -0.0199613172958911 -0.0130152038010683 -0.146840461002135 -0.0258543754957421 0.0136169232990387 -0.0291042136346251 0.0200791345090664 -0.000941798304630932 0.0144784128814931 0.00581344115908333 -0.0619792546112161 0.000128783915078474 0.01563468643427 0.0044013383959079 0.00500349382373498 0.00310646896542752 -0.00463197233881954 -0.00102207625603442 -0.00333842690678313
-0.0506181182112764 -0.0621246168374877 -0.069449117552061 0.0932740223471172 -0.0114659314517479 -0.0191154469859155 0.00311269028315811 -0.0149272770757465 -0.0154689466034666 0.00782656705661763 0.00271631047552587 -0.0940190969467588 -0.0102319489432856 0.0114259897656844 0.0309773800876477 -0.0180945925534103 0.0219448220508613 0.00365540362334611 0.0147703341734106 0.00176030634471306
0.00533199475397288 -0.00669456998346628 0.0021525594896192 -0.000311138337588553 0.00788346436092584 -0.0041067570796737 -0.0391149080110493 -0.0359548264801591 0.0180986743497102 -0.0181303868510125 0.0145283781604053 0.000976070928718029 0.0004462438728049 0.00179588987547083 -0.0024238432472763 0.0431346063186421 0.0615506782953891 0.0502161195727001 -0.0437902724654267 0.0446796833270228
-0.00386356736678886 0.0169347997779142 -0.0136250296439011 -0.0054599683236439 0.126269139702867 0.173682418528828 0.0133634393486171 -0.0383452942514233 -0.0399148985617788 0.00360024912269612 -0.00401755178484424 0.0124132286728547 0.0159934860387598 -0.0378694678925661 0.191266148289548 -0.00175253071545769 0.00637969291780578 -0.0526144118728145 -0.00823434764313378 -0.0356365333597322
-0.0104425186283339 0.00104300939072542 0.0201762349984209 0.00751148342156438 0.0118897194195618 0.00562993069923302 -0.00554545429671549 0.0534466734717613 0.0517728617024339 -0.0511705771494795 0.0269255383736682 -0.00615307183600816 0.0202403719742768 -0.0133258252131976 0.00608443135699966 -0.045145743223917 0.0785898645457626 0.00232602990621447 0.0328693912699261 0.0628520494774934
-0.023339500368952 -0.0244911696142971 -0.020013079509625 -0.0230606303407011 0.00905622313716022 -0.00586876950719597 0.0147184714683939 -0.0081331401035286 0.00262246058125985 -0.0318417289477278 -0.0167338489896996 0.216025899376062 0.0132358744927817 -0.0196041926010253 -0.0269092190815167 0.0146634316832895 -0.0114619880996468 -0.00567543148078288 -0.0203023181888972 -0.00880634283301749
-0.00560407169378454 0.00206394804705657 0.0116243165406547 0.0045101542831259 0.00589165535616165 -0.000510085542591904 -0.00926127759842512 0.0264040738221719 0.0328242412367249 -0.0362956951370885 0.0142614737542829 -0.00668882073396119 0.0249401473139436 -0.0218938464397376 0.00447406589027669 -0.0355276413668996 0.0557403378307552 0.00587377519628841 0.0187309044546948 0.0342403328053658
-0.0231965143963799 -0.0234322275785805 -0.019982563807227 -0.0201383920893242 0.00943962427040309 -0.00610880737121302 0.0153177107559212 -0.00873105724124055 0.0025300723956824 -0.0309565173041687 -0.015734364258156 0.21631911005094 0.0176298095395472 -0.0172293415801015 -0.0279667835043591 0.0166831273981118 -0.0122604081858549 -0.00735594107682442 -0.0180322496691471 -0.00508767622806758
-0.0233042121757638 -0.0204028220569012 -0.0142353501345257 -0.145863348724263 -0.0261150191520685 0.0129712173554582 -0.0291171044808275 0.0199554544624675 -0.00121624652539013 0.0145005599209311 0.00586437246394362 -0.0633839907546875 6.77396827342017e-05 0.0160684969545767 0.00470065421816773 0.00540051608192134 0.00145276339621166 -0.00472486454922576 -0.00119637068518382 -0.000943730092230739
-0.00306254781376984 0.0213303160772405 -0.0145151422679875 -0.00324036030332463 0.145712086669527 0.190829260358438 0.0268735397106306 -0.035751432571942 -0.0436006977965886 0.00966578076197607 -0.00410315008967626 -0.00845465863746533 0.0109068947722373 -0.0276187414186503 0.132711211623773 0.000727536519336744 0.0329826268856532 -0.071691189634797 -0.0704185709669533 -0.0176597645183215
-0.0067731459642735 -0.00483199843913627 -0.00724405639680739 -0.00711243262519168 0.0029283191943329 -0.00677344817804699 0.0138458210669767 -0.00482335733044331 0.00127287640005531 -0.0119298847001966 -0.00257596791959355 0.0721845427018625 -0.000832895392446008 -0.00267027659434795 -0.00244388290991427 0.0117082913487545 -0.00305003490973101 -0.00459126691761948 -0.00479596976634112 -0.00686964615885732
-0.00453000898945702 -0.00209190412284652 -0.00285256232506217 -0.00249371804877762 0.00350010403261499 3.47686343668194e-05 -0.00509168667598316 -0.00405482711978309 0.00747356049997037 -0.00990356211994317 -0.00219668429018631 0.0372728983789188 0.00642643592850877 0.000815987423722251 -0.00973778204844213 -0.0061633891832767 -0.0243472249066594 -0.018277263402455 0.0144841445510664 -0.0157021678837522
0.0194542666427496 -0.017609107320507 0.00759497806263054 0.00353019077141552 0.0162612960624574 -0.010157641542065 -0.0247742350605643 0.0454858003771263 0.0258866279018107 -0.0140608383064443 -0.295909298770905 -0.0118054882656533 -0.038607798244371 0.0573688374201567 0.00830120808002673 0.00881453170442884 0.0313164030997783 -0.0304198006393228 0.0375479865687554 -0.0163527774429849
-0.00359537380881934 0.0357626351199354 -0.022030998708244 -0.00460977806707728 -0.030243795955395 -0.0290347620359496 -0.0116867570913509 0.00845697324873274 0.00618945299719036 -0.0300813554623792 0.0110757121150651 0.0164565147838638 -0.245089127818867 -0.108639817675136 0.0327423319264692 -0.0562871354910246 0.0475726485813668 -0.0179029070041487 -0.0193203478099513 -0.0412733861585466
0.0192900766141191 -0.0188112417679602 0.0181763696859536 0.0101055331954898 0.0187057249904682 -0.035952384421142 -0.0643669651266488 0.124221337691927 -0.238973235780405 -0.0684432880372784 0.0618222236846475 0.0121463232186049 0.00419321627310906 0.0163816453276426 0.000357796448007218 0.0208795179590367 0.0397853064343579 -0.016007673399031 0.0329096814438232 -0.0448125567785743
-0.0547542446283075 -0.0690823085434577 -0.0744492193598321 0.100502824012415 -0.0111175175470504 -0.0190896043902902 0.00326809287212524 -0.0146878732765678 -0.0161928631713065 0.0100487000085363 0.0024035630128184 -0.103387973150851 -0.0118661698329826 0.00489855708500268 0.0297280145561485 -0.01399754590053 0.0212358886560303 -0.00333025228718807 0.018105830093525 0.00798379622079467
-0.0155362291717115 0.00294526122759751 0.0333952988601795 0.00566460471737356 -0.0131241462920178 -0.00578221981081959 0.00810157117577053 -0.0294206383736904 -0.0185285972813579 0.024840884067302 -0.00557152991999729 0.00164656603207532 -0.00814375755188466 0.0188156277730171 0.00955183197261093 -0.016686912704891 0.00478692530688619 0.00892560635222879 -0.00892746466478343 -0.00659035713819196
-0.00462338206719861 0.0341936629792713 -0.021987314903381 -0.00444091974087026 -0.0106683905154959 -0.00451816379264552 -0.00592279732425506 0.0098542615290211 0.00349612840847676 -0.0213324748271197 0.0100085164333289 0.0133746856684234 -0.240709518405957 -0.103617802724928 -0.0109687066505588 -0.0702786354337548 0.0196524171778524 0.136158052556018 0.0760426193134046 -0.0529525191358682
-0.0116617132671203 0.000437899147558208 0.0202610592064009 0.00867743291783723 0.0118388083557749 0.00521232281542467 -0.00426300348822672 0.0512669475807414 0.0502381718956465 -0.0535130365599338 0.0260825321954481 -0.00846442845021625 0.0197832699551437 -0.0128947108364904 0.00567529335638183 -0.0460959767522001 0.0772649749918252 0.00366531203909604 0.032010959115365 0.0660007460151736
0.00544737327586474 -0.00490999167189394 0.00491430782976068 0.00266567828703683 0.00361553069419257 -0.00997032615911464 -0.0164648260643774 0.0320641057077724 -0.0630347990112703 -0.0170180903685826 0.0161080933592131 0.0037991463202854 0.000321345007115289 0.00460361400844948 0.000519131578891086 0.00475479899876501 0.00549657245202827 -0.00437396463151784 0.00576417987784336 -0.00201973484558354
-0.0547296820934239 -0.0658642387067084 -0.0769744163317683 0.100341433366012 -0.0107686786806625 -0.0229339807457257 0.00455115021444591 -0.0145462157452452 -0.0154396889181957 0.0110176582478912 0.00328772966469352 -0.107207904717258 -0.0110301762764443 0.00793793295785973 0.0282498130920619 -0.00346901352945947 0.0205266350636384 -0.0150400238321795 0.0279931009405848 0.0237756717070622
0.00446179711735767 -0.00338918532808042 0.000184463112760087 0.00413355195719483 0.000463750768347917 -0.00370708835504333 -0.0109892254134532 0.0124893432851184 -0.00674946646696016 0.00930634034417173 -0.000987892153362636 -0.00187795437378081 0.013345172257225 -0.0170360059029377 0.00198752240863287 -0.01528577447969 -0.0845656973517902 0.00667715373287094 -0.0418209475053959 0.0395963840767509
0.0153704611976784 -0.013405108648427 0.00604121132388468 0.00268707436494878 0.014231544174813 -0.00746520717270338 -0.0201713114510358 0.0408499991446747 0.0206827482599444 -0.0118107788703713 -0.262584711334929 -0.0150765429475891 -0.0332903527504534 0.0495001088490965 0.00529757090664047 0.0151273621908106 0.0329822729354391 -0.0257179114736417 0.0402823059581825 -0.0204059287030539
-0.0549325592429554 -0.0689097598824296 -0.0744710357452134 0.100527128825644 -0.0110880481671893 -0.0190338941530964 0.00333105209016617 -0.0147287639157886 -0.0161453518748392 0.010012750997185 0.00249953030899738 -0.103221442996802 -0.0114241923094272 0.00507647357903709 0.0296535365356562 -0.0135915732120919 0.0215874176772881 -0.00373123484292489 0.0189795457240883 0.00750227685627069
-0.0598776726192812 0.0557668878228128 -0.0221185117068931 -0.0128982926416894 0.27041673972216 -0.176046158620537 -0.21350798413565 0.00866081108356099 -0.0337619152137801 0.0571364131828373 -0.0591543095544214 0.00771124265641318 -0.0156726884121308 0.0476669407852858 0.0126661531164709 -0.0589040529883085 -0.032765042102106 0.0350689720041465 -0.0608287522938602 0.0552714341063926
-0.0705341489603194 -0.0844366153660635 -0.0886336360754503 0.0864318651939057 -0.00444706629564246 -0.0230885861524033 0.0129573673724729 -0.0228905584171534 -0.0133259031988105 -0.0134134117482014 -0.00851615289419331 0.0544038135589744 0.000580966170834195 -0.0058787210835416 0.00863426459727532 -0.000359695955899165 0.0105085589686663 -0.00988898666237539 0.0056772540186022 -0.00263262568136078
0.00465630070038683 -0.00391102242738163 0.000557222810231621 -0.0107713447322791 0.0342377293735434 -0.0370614414455312 0.0441717252104875 -0.00751414841183827 0.00607535844397609 -0.00110358352284255 0.0105752607424119 -0.00970247967499551 0.0017617567950716 -0.00136004026554615 0.0077437193106456 -0.0015000590050801 0.00870458064930852 -0.00590304594092828 0.00949216100167869 -0.0103491837140606
-0.100218365741243 -0.112683247373746 -0.106703072664709 -0.0631243974562781 -0.0265997587542754 -0.0114693551228685 -0.00964710307925206 -0.00401594104579607 -0.0147216890751719 -0.00698981762686595 -0.00769246987925225 0.0513471208299564 0.00611181035995328 0.0025343209577308 0.00597341353861839 0.00690198858825661 0.0127096583713847 -0.0140624343335042 -0.00112029675579859 -0.00432122141636639
-0.0693114260604156 0.0109998480157224 0.150405083916553 0.0212335566089384 -0.0372672810894388 -0.0267639079444822 0.0245203886350366 -0.128709087099731 -0.0853411756366725 0.102352711925974 -0.0342233812916629 -0.000957635735826625 -0.0442558065155253 0.0190192516780461 0.0103016040035083 0.0255282921360565 -0.0056394497587438 -0.00316304334125714 0.00865597033776782 0.0113728540346503
-0.00549986839323537 0.0418978956488445 -0.0211852253784794 -0.00318969995105334 -0.0447589643912496 -0.0483464641652129 -0.0177080376573397 -0.0207387167661505 -0.0278111591488688 0.0128179195393484 -0.0641551982558554 -0.0210121521591273 0.182493981935791 -0.212799952690107 0.011355578374284 -0.0932396818019859 0.0686997700580888 0.0522107365864027 -0.0303196859618447 -0.0719480688376479
-0.20810950890654 -0.101024681663035 0.103473748196726 -0.0224632834349469 -0.0309186839935522 -0.0232586357164058 -0.00549939622018982 0.017843595498568 0.0408469502897226 -0.0271781315455442 0.00398901663168139 0.0309154184401097 0.00302210615086102 -0.00427502424668747 0.0295180348024513 0.00616997508957623 0.0110816977247717 -0.012274692061124 -0.00276881645373654 -0.00686471198867833
-0.0675931264312002 0.0101233133607407 0.149270097142643 0.0205594790419906 -0.0375429404388254 -0.027253000897148 0.0238633324764382 -0.128868323331153 -0.0862760707829991 0.103206684335128 -0.0355857669519917 -0.00124016804518159 -0.0429970597805476 0.0170894444815896 0.0105124197944042 0.0231666692152656 -0.00755312939302159 -0.00107420169057362 0.0050138154153762 0.0152440154755023
-0.00729371765975969 -0.0080961758213625 -0.00796711630016939 -0.0145234281418517 0.000541061116787619 0.00260621669186904 0.0117616832670275 -0.00252150594236052 0.000629824022100574 -0.0102174185060741 -0.00306833309565136 0.0668929476305441 0.00694768634175577 -0.00735922160072128 -0.0149975947081003 0.0164541872645056 -0.00524239621619018 -0.0113798088538929 -0.0065463863847835 -0.00174076909595858
-0.0784074490934287 -0.0926997515859374 -0.0934527700110567 0.0803889351879751 -0.000825182612716063 -0.0248174130621367 0.0190607259768867 -0.0243862888059568 -0.0146689969870899 -0.0205201598642834 -0.0135260845092966 0.113482457202376 0.00117218884275861 -0.0150287291644221 -0.000479369530098412 0.00062701640022755 0.00983444412602471 -0.00451008776986612 0.00209631124979537 -0.00142398683845502
-0.00642667601336349 0.00821111417286422 -0.006248023461446 -0.00944308303910297 0.0314407449541138 0.0402503387715562 -0.000826610473115004 0.011092190084976 0.0020018437888961 0.00431961606415689 0.00309166756971881 -0.00384254728920968 -0.0181918693527191 -0.00113612496921265 -0.0829660252016814 -0.00937606833295657 -0.0512986248975272 0.263192415838011 0.196264069500355 -0.00747352754777491
-0.207180889610909 -0.101484939373056 0.103794695494794 -0.0239165535389809 -0.0273166523154387 -0.0284058457173377 -0.0029852681992989 0.0179291546820487 0.0401006266964036 -0.0284803803257428 0.000575689045716221 0.0305055388975979 0.00436026126760633 -0.00654664413795186 0.029909414999247 0.00418269337519355 0.0120306742985998 -0.00739495213284161 0.00242100312948222 -0.00978521762204007
-0.0295711182913783 0.0028488008436058 0.0528382276309137 0.0237784600140908 0.0300039726012331 0.0113852523497933 -0.0180838824342841 0.140631902275091 0.131725609156771 -0.115386391281923 0.041162146376704 -0.024868654921803 0.0393138046555001 -0.028145205996156 0.02259498305319 -0.0234099028328555 0.010364619403498 0.00607107980124815 -0.00734294386719171 -0.022878959548588
-0.00274285728784304 0.0278815684323702 -0.017478914131765 -0.00452021563852243 -0.0240316078792509 -0.0217902525239372 -0.00791302889378472 0.00937674740865821 0.00471881722268818 -0.0246624623291585 0.00848746342629582 0.014753793357672 -0.228065112423436 -0.10486719760457 0.0329358283556448 -0.0621660654489332 0.0459487143808677 -0.0034604746251306 -0.0294812679192758 -0.0516754333458902
0.0105299860701082 -0.00978609840556644 0.00382951865250437 0.000877072081045377 0.0109657695456757 -0.00884185224102746 -0.0620759795752319 -0.0611811678350982 0.0258542143884923 -0.0297592605495926 0.0215776457022473 -0.00173472277500565 0.000100214115727805 0.00243280812525122 0.00235666171521848 0.0646523226957548 0.0966309774347349 0.0701956562831428 -0.0690642631062888 0.0763966046854294
-0.0685365592594605 0.0110876495652245 0.148747581902445 0.0211558747635072 -0.0368252461797295 -0.0259049705443665 0.0243160766343892 -0.128386847325822 -0.085314012989938 0.102376004385049 -0.0342496683881046 -0.00131879157042474 -0.0440675350579193 0.0192427127205855 0.00762666788108682 0.0245717479219191 -0.00515384071296046 -0.00394129966475951 0.00664403061598585 0.0104528523945871
-0.00309517682590165 0.0322542064942481 -0.0197984939754517 -0.00449953387825137 -0.0298797430202378 -0.0296673720321047 -0.0106539615213762 0.0102281201737703 0.00433201508562669 -0.0178586926051809 0.00595115186147589 0.0142881514492192 -0.214790000502893 -0.125934774674704 0.0322341192664548 -0.0686849491182684 0.0556171122812869 -6.35150458544956e-05 -0.0303530654643459 -0.0599076801210958
-0.0553934402107196 -0.0665913996801777 -0.0759024496345803 0.101298322171951 -0.0126745175804439 -0.0208984164557911 0.00233986701871163 -0.0143408355224335 -0.0159909032744632 0.0114816051054019 0.00249572001570119 -0.104923323565273 -0.00948497445188278 0.0039332882297376 0.0305651687082075 -0.00571448818074528 0.0135537161823368 -0.00587389801922975 0.0203320029231889 0.0101784096111372
-0.000261509549356775 0.013165766270346 -0.00770665816392225 0.00304592895369232 -0.0160182403669217 -0.00834608559003994 0.000928101416799014 -0.000385089455124145 0.000487418687369528 -0.00620394244983768 0.00576996147590137 0.00945721812024654 0.0110993692250393 0.074405903558899 0.0275977220204118 -0.0238013556432858 0.0146122801923463 0.0397790673116203 -0.0315763899735033 -0.0676883327846551
-0.00175812347616261 -0.0421601089513338 -0.0167246663238157 -0.0666267764132942 0.155252557452056 -0.164617698205208 0.202466487145209 -0.0404032866111914 0.0279350599251132 -0.0357750291770089 0.0220958458487187 0.176767673442306 0.0235413988718644 -0.0217500323703945 0.000342831907620072 0.00489368528029578 0.0241506313513286 -0.0249862532494642 0.0223197763507214 -0.0491976817891705
-0.010841050219873 0.00140753151276998 0.0200669937787415 0.00725257185945741 0.0116897076549541 0.0058283354112403 -0.00472917496108638 0.0520348457004735 0.0507769039787774 -0.054337090280577 0.0261714453138668 -0.00693539431767124 0.0202302042682735 -0.0129252808599912 0.00561305515619866 -0.0454302693941937 0.0769529741424969 0.00287202043789356 0.0323200801064585 0.0632310145309976
-0.103303454732069 0.0139766542495152 0.21151569738049 0.0476674497732491 -0.0057038856216327 -0.0140627230205504 0.00569274140811485 0.0201794236005755 0.0491281211848315 -0.0212738207541556 0.0114620018011976 -0.0259311584941001 -0.00415934441081596 -0.00790835198862388 0.0306084927173453 -0.00154716156748194 0.00269185840122839 -0.00210041249511169 0.000935953405926488 7.018096580403e-05
-0.0551021263944787 -0.0683905861911362 -0.0747886245157944 0.100652173307933 -0.0108877328202771 -0.0191380935143765 0.00345693611271047 -0.0147227455325185 -0.0160539200140434 0.0101281380222601 0.00270333376855671 -0.103631763949372 -0.0113305732675711 0.00546394137078096 0.0290504739226072 -0.0124587337525202 0.0212775165472589 -0.00490130506652625 0.0203535187654536 0.00936733774090896
0.00142351535052494 -0.00489970581408407 -0.00656964597434679 -0.0060498492047053 0.00862609462224215 -0.0140364344390459 0.00711629837100093 0.00578517743422322 0.00356374788801208 0.00544820368831408 -0.00220302212763083 0.0136418763385552 -0.0121474680526829 -0.00639503958115822 -0.00127891617866695 0.0229731073675014 -0.130239241804459 0.0965780956735903 -0.133921851100055 -0.012776476926317
0.00320591033120534 -0.00201078845770957 0.00166703480051985 0.000174690582303386 -0.00869020690388039 0.00480827589106444 0.00362059727036044 0.0089245921075129 0.00805655032416744 0.0111490099728845 0.00613725163658962 0.00588387592415117 -0.00136087829896758 0.00664583553388229 0.00701587678390798 -0.0508322164745428 -0.00917658161403454 -0.00453036719104744 -0.00667662031841531 0.0574556339870929
-0.0143019349526817 -0.00253217738714844 0.0169917362590416 0.00419086249124329 0.0147544945156538 0.00391047777455502 -0.000929754778875167 0.0511846699952646 0.0521080004249631 -0.0593326210119318 0.0245580666340235 0.0256205419883951 0.0238227470106854 -0.0160405381201466 0.00243293481673106 -0.0423103960533 0.0755889594732705 0.00109049246999817 0.0303029654573374 0.0620243130525049
-0.00476191150286657 0.0467812381381976 -0.0265128488210075 0.00867796691924193 -0.0536443500567388 -0.0268204354044804 0.00876180500866202 -0.00217940671211789 0.00600643225720818 -0.0131655008885129 0.020263052178432 0.0308632013131555 0.0390397483940532 0.243226529337698 0.089557429566108 -0.0873399074600431 0.0640630515345777 0.114150579107296 -0.0969589746393002 -0.199347754018983
-0.0217047550025525 -0.0191290878811583 -0.0125938826245227 -0.141583016651274 -0.0251339206123122 0.0131381672529917 -0.0280922621256525 0.0192061007169116 -0.000750120184275959 0.0138837718029973 0.00555877318121366 -0.0605654264618596 -0.000502519795957487 0.0149720560916878 0.00450364106192006 0.00419642400270651 0.00228153329777516 -0.00467239459159506 -0.00295272263330399 -0.0031463907562577
-0.100503223900505 -0.113355379907452 -0.106914423094356 -0.0665296823800931 -0.0283662562792201 -0.0104403021679525 -0.00946164136235613 -0.00362176810293253 -0.0146008429889671 -0.00687788470548187 -0.00726646330639737 0.0498747303692263 0.00616266413364863 0.00309204366681287 0.00622354800523035 0.00670613980316388 0.0130917340589735 -0.0142609387506602 -0.00124136743298938 -0.00476939064143666
0.00196846806358203 0.00347301006265095 -0.00235467643770597 0.00156607298900194 -0.0103325442324132 0.000222777144895776 0.00385996526337531 0.000250235373563031 0.00148788116560415 0.000580381722152117 0.00323838625479234 0.00525104543692062 0.00469025929636782 0.0310443518776222 0.0104167342046412 -0.0177161409127715 0.00888948739783988 0.0200804751676438 -0.0100961170751499 -0.0150449341679635
-0.0217047550025525 -0.0191290878811583 -0.0125938826245227 -0.141583016651274 -0.0251339206123122 0.0131381672529917 -0.0280922621256524 0.0192061007169116 -0.000750120184275936 0.0138837718029973 0.00555877318121368 -0.0605654264618595 -0.000502519795957488 0.0149720560916878 0.00450364106192007 0.0041964240027065 0.00228153329777517 -0.00467239459159505 -0.00295272263330398 -0.00314639075625766
0.00476957606367146 0.0334666055314483 -0.01839160304765 0.00145228261228359 -0.044982118026625 -0.0560899699076131 -0.0344953228062527 -0.00520683504342917 -0.0399408595119408 0.0290328978840534 -0.0734299078903915 -0.0215479891488703 0.207317660303916 -0.245402324870803 0.0138107006199088 -0.129404212591376 -0.0488751226150064 0.0701165325218685 -0.102080633430095 -0.0022972164370548
-0.0024539070690222 0.00921453060689118 -0.00705823364514691 -0.000993121116063034 0.0308814249171892 0.0381143291116723 0.00269575079399186 0.00107070835845851 -0.00321611456330598 0.00781415677336045 -0.00439015270926108 -0.00131996665321961 -0.0215431688459946 -0.00133960100134369 -0.0792900245815084 -0.0140578747654104 -0.0482945171612374 0.252322121259731 0.190346639424496 -0.00110238965534414
-0.104137102657444 -0.115312146513006 -0.107372758826611 -0.0696853619916408 -0.0260825605872492 -0.00936045138337508 -0.0113332252307791 -0.000508664423931754 -0.0111513373684559 -0.00745183560764109 -0.00652741558335036 0.0567953552130276 0.00724404752653332 0.00366728364242035 -0.000976598688461498 0.00917413289172401 0.00910485884283437 -0.0109465429138973 -0.0026044378666961 -0.00586517319926726
0.00325066131367034 0.00107560803059931 -0.00129534809080481 0.00019585136618255 0.00053843894264121 -0.00546072559916211 -0.0193486118912904 -0.017777851463596 0.00654564531760514 -0.0077719238067953 0.00268171890999232 -0.00157560427767571 0.0104671336686326 -0.0109269337474766 -0.000540312149879367 -0.0012607928263985 -0.00591934878565175 -0.00241843640082444 0.0139519617336474 -0.0136738172402727
0.0126878392349706 -0.0112733377001511 0.00156035915322203 0.0138524419066394 0.00861478454218296 -0.0102706407393949 -0.0408741529999028 0.078001965807377 0.0529715488687261 0.187649944871499 0.03793075973997 0.044471733471911 -0.00376629162172108 -0.0199127862853007 0.0249535103054466 0.0690275066625756 0.0915114406500347 -0.00629302252492028 0.0411786306993102 -0.0787154091526198
-0.25010842724221 0.228390113846312 -0.084719846723787 0.00568006208238433 0.0217610910051287 0.10480428922697 -0.00604113009676193 -9.05009296873491e-05 -0.00667914610176695 -0.0128325717427474 0.00163052839360692 -0.0158739687357819 0.00133112557508579 0.0137107514530079 -0.0879920813992794 0.0569237580387352 0.0600490723782282 -0.012232044534872 0.0492846664230994 -0.0214946882267763
-0.00603120262175571 -0.00992033330481316 -0.00311440187602726 -0.00446848354543353 0.00488610726062453 -0.00356935757139969 0.0022320659550008 0.00516321862693647 0.00188402445537525 -0.0131560677417884 -0.00600148998800639 0.0707239975303584 0.00774872157367927 -0.00859872273945689 -0.00734611522039017 0.00820847821201882 -0.0198700710548053 -0.00107806412180931 -0.0175323955534832 -0.000769940590189838
0.0244079098843888 -0.0200274704751957 0.00346404731158148 -0.0506912826462081 0.165610448995612 -0.179006980285831 0.212460177279949 -0.0361290541046321 0.0280721544630335 -0.00543812626567899 0.0474856856022455 -0.0483185184358658 0.00669790084433198 -0.00569339732294429 0.0319875518270946 -0.0163181556734078 0.0405539517701015 -0.0156962852952544 0.0383419369422153 -0.0539159817728324
0.00622659463390622 -0.00607286700460039 0.00590286163632509 0.00294120618586786 0.00588103336938955 -0.0123507129315734 -0.021701581297511 0.0415246618822151 -0.0802975644101293 -0.0235191842799188 0.0202208262712887 0.00395114095946156 0.00204578632458239 0.00503957677619361 0.00039977745921565 0.00561807801097806 0.0149087702906447 -0.00617085139382126 0.0141549962541419 -0.0188462070152228
0.00333138832204997 -0.00426247970252588 0.00180061698654802 0.00149077968511406 0.00437195574675578 -0.0057313956795977 0.00240036644724416 0.00718447706095478 0.00530284923354297 0.00732499555420194 0.00196561351744399 -0.012179237720546 -0.0152857091275512 -0.0163989007323072 0.00157741518719536 0.0190085539913192 -0.114565082555242 0.078537650724761 -0.128427330135174 -0.0128458672312296
-0.0226891474586252 -0.0199613172958911 -0.0130152038010683 -0.146840461002135 -0.0258543754957421 0.0136169232990387 -0.0291042136346251 0.0200791345090664 -0.000941798304630932 0.0144784128814931 0.00581344115908333 -0.0619792546112161 0.000128783915078474 0.01563468643427 0.0044013383959079 0.00500349382373498 0.00310646896542752 -0.00463197233881954 -0.00102207625603442 -0.00333842690678313
0.0120739905054706 -0.00943070155820016 0.00370110888287369 0.00180671369815013 0.0165257292690838 0.00089375493812388 -0.0148524424096016 0.030141938160899 0.0143782551903023 -0.00907412516093516 -0.210106868167021 -0.0118128173984986 -0.0249113824915467 0.0378169433590296 0.0139040054549318 0.0139244328428931 0.0288496834357357 -0.0279231487166821 0.0314314784209865 -0.0134920246564188
0.00795430259579436 -0.00514954014273593 0.00156600423634197 -0.000830462609610794 0.0118214820890358 -0.00346775800922976 -0.04677130633445 -0.0485256281252568 0.0215963072537159 -0.0139410747080653 0.0227626369755269 0.000772810125899327 0.00652452790645614 0.00429822073103161 -0.000896426458229934 -0.0973744724081326 -0.107095913814703 -0.104250527467278 0.109843624362905 -0.104364209012397
-0.0231002422097094 -0.0242434509235299 -0.0194866402971786 -0.0202289553841188 0.00974195141852002 -0.00572223139829586 0.0154279812255801 -0.00890797763830449 0.0023692213797299 -0.0311594826373279 -0.0158427629225512 0.214964138586472 0.0173399757861936 -0.0177765812849582 -0.0279295124782846 0.0155587392900672 -0.0119663957725384 -0.00593325347410635 -0.0192476124356864 -0.00853825420342019
-0.00109259342584183 0.0112571062239294 -0.00620445561514187 0.00208471185684968 -0.00774452255909729 -0.00774188869951548 -0.000552413646582735 0.00260466754125451 0.00366563248576672 0.00205284810179893 0.00455621097416759 0.000689783381822818 0.00573472804912951 0.0288672435353921 0.0108169489685026 0.0202199314419032 0.00791761615352845 -0.00115303181997816 0.0118720829584911 -0.00294389991894332
-0.102610414754541 0.0140587053260929 0.207961994843722 0.0468952880662056 -0.00395526900954831 -0.0133485643335796 0.00531827451877027 0.0211633219641357 0.0540225266927752 -0.021947048779443 0.0113560282989976 -0.0259851727035146 -0.00354787051293593 -0.00824994097302516 0.0303749227404369 -0.00311948095080893 0.00186770565114413 -0.00144643920737675 -0.000104046920033545 -0.00097079827584649
-0.0226891474586252 -0.0199613172958911 -0.0130152038010683 -0.146840461002135 -0.0258543754957421 0.0136169232990387 -0.0291042136346251 0.0200791345090664 -0.000941798304630932 0.0144784128814931 0.00581344115908333 -0.0619792546112161 0.000128783915078474 0.01563468643427 0.0044013383959079 0.00500349382373498 0.00310646896542752 -0.00463197233881954 -0.00102207625603442 -0.00333842690678313
-0.00236491929214262 0.00430881881095361 0.000734085304520713 0.00109769837662601 0.0108091178972409 -0.00291851756849378 0.00691381609820027 0.00337508451023335 0.00472602415228884 0.000935918064617389 0.00447277735937808 -0.00376374772179293 0.00131594725073202 0.00420464599011277 -0.023836751055186 0.00334969256898659 -0.00642957381256609 -0.0204466710877672 -0.00923792474352433 0.00737880999433827
-0.00440457909152388 0.0197087107882411 -0.0115815729931903 -0.00468533256851085 0.122006210546912 0.175256066388654 0.0176875181401383 -0.0353041958468501 -0.0405964353467918 0.0080973748262495 -0.00567381716145199 0.00225767957815963 0.00732147815862951 -0.0338528581775937 0.193200129299245 0.0179696717870849 0.0151550757248106 -0.0437346273034375 -0.0207932766087315 -0.0125523224825678
0.0196581455643473 -0.0172207562241854 0.00637582129690569 0.00102851246359555 0.0300220561642893 -0.00269977435044075 -0.113855025582581 -0.11501491609708 0.0451936064181768 -0.0542440961396788 0.0358695286665222 -0.003890246158216 0.000425773435716505 0.00197765666740342 0.0193901550667277 0.116528199737296 0.170877017186461 0.122165082039658 -0.123375344451802 0.129051418601586
-0.253525678411036 0.226599944509153 -0.0879888579795181 0.000641911398695025 0.0212615071696143 0.101172007248533 -0.00591452464405421 0.000550212918217529 -0.00870161795897264 -0.0151165915484644 0.00579679446590636 0.00937920315062552 0.00526693628469825 0.0187436718874059 -0.0865790085418513 0.0585270039232103 0.0544603709493242 -0.00952904141513643 0.0413654005803494 -0.0284966936392424
-0.00660057461520242 0.0323800674225607 -0.0164510679342824 -0.0171146752204467 -0.0430634568671359 -0.0407644901150939 -0.0184302665001652 -0.0212130088842475 -0.0252323557987461 0.013928883159988 -0.0568144201337766 -0.0268069482315044 0.165090007610247 -0.193901403002633 0.00700105992081373 -0.0898415701628679 0.0734882294954399 0.0522985081486864 -0.0287759507485625 -0.0796906600885943
0.00787164559403574 -0.0066126059266342 0.00304367425478947 0.0019346868545708 0.00726566561674265 -0.00507935903327173 -0.0162904753369152 0.0145076707223395 0.00550036795397725 -0.0101201085208152 -0.108879071507981 -0.00632021606545108 -0.0157601222598916 0.0245802120826995 0.00454518978536542 0.0184359357951089 0.0226852342668832 -0.0119788407148059 0.0146609875994201 -0.00591320982293821
-0.00665793564039856 0.00141099646730428 -0.000420308576158824 -0.0115450656070693 0.00780689676306514 0.0117781975853848 -0.00166906597389945 0.00358297089427804 0.00330878740730899 -0.00258701388127162 0.00347254495026607 -0.00291129570284263 0.00201465540682418 0.00624112121063421 -0.0512643637409419 -0.00964120855269351 0.0105160983643584 -0.0175113033298842 -0.0185059040313917 -0.00799133307849289
0.00569066862693174 -0.00552875243973277 0.00666077848166697 0.00312260225010795 0.0051161111553783 -0.0132030340221815 -0.0219049641343695 0.0407150148050716 -0.0812438157326187 -0.0224963050030876 0.0193130707236736 0.00359307322985862 0.00414062671086512 0.00226811218779091 0.000734431385943093 0.00475643330509776 0.0147684786434301 -0.00551916225992439 0.0133499116702693 -0.0196335397482697
0.00732506451237309 -0.00514765930690008 0.00170996601287348 0.000829708794672991 0.00821572055562486 -0.00468677877650049 -0.0553010459186407 -0.0481089119373404 0.0224707205849964 -0.0133098995685161 0.0216320423547684 0.00265790166638874 0.00539410093960542 0.00368313384272136 0.000106121025492618 -0.090669041040353 -0.105881081506617 -0.101084884761074 0.109398578393559 -0.107249817560298
-0.0229120221958608 -0.018689479181164 -0.0146493977232894 -0.143352338647364 -0.0275940667476393 0.0119349866651254 -0.0295007725206335 0.0193579178544444 -0.000978323457585692 0.0152745481586337 0.00588149907784968 -0.0624607886407643 0.00294903211893352 0.0187276275224391 0.00719846010016924 -0.00209430307761487 0.00438007082334155 -0.0026647934603229 -0.00277337577638127 -0.00422190612203609
-0.0226891474586252 -0.0199613172958911 -0.0130152038010683 -0.146840461002135 -0.0258543754957421 0.0136169232990387 -0.0291042136346251 0.0200791345090664 -0.000941798304630932 0.0144784128814931 0.00581344115908333 -0.0619792546112161 0.000128783915078474 0.01563468643427 0.0044013383959079 0.00500349382373498 0.00310646896542752 -0.00463197233881954 -0.00102207625603442 -0.00333842690678313
-0.00401043956538865 0.0362068681641761 -0.0220977680154217 -0.00485531215502924 -0.0305477628017818 -0.0285558160816659 -0.00949266987104177 0.0101565614442015 0.00513857576324279 -0.0292838116564699 0.0110480492803508 0.0164339994800189 -0.244328923063977 -0.108411769615024 0.0324531379949058 -0.05612214095875 0.0491341777699001 -0.0163155251135089 -0.0206723460673421 -0.0378183789963069
-0.0035850146235656 -0.000532463248983474 0.0112647540916216 0.00207353116270778 -0.0011210005324189 0.00286360508960019 -0.000150754585505953 -0.0104065201648842 -0.00432675044825904 0.0109863035992569 -0.000722307095263914 0.00626358715855545 -0.00232614040595009 0.00614296538259249 0.00610093910591 -0.0149071992872031 -0.00689430532436313 0.00417575933177739 0.00043855873238109 0.0100661595163852
0.0247768757518958 -0.0199117808189133 0.0166460273598678 0.01711122357607 0.024835970471269 -0.0352634750489253 -0.0790654725294691 0.143161517253498 -0.254263396874633 -0.0572045506069529 0.0617811737072494 0.00603967256419799 0.0228401128421392 -0.00402528996225012 -0.0123884897026904 -0.00077208540352224 -0.0815990357188185 -0.00438024729935243 -0.0169757178099892 0.0227341206451156
-0.00339347489975746 -0.00219188387407618 -0.00275846371019725 -0.00384255388744563 0.00321147613305258 -0.00206869183093959 0.00102166232570058 0.000364567744043571 -0.00222973895178637 0.00203561481728295 -0.00196301748446451 0.0389732254106117 0.00478798951094105 -0.0031271083734086 -0.00270887282134831 0.0112671408135992 -0.00376092431062118 -0.00275576995003549 0.00453427578363503 0.0122522743495012
-0.00422215136364797 0.0182889159781968 -0.0126727082638009 -0.00446031868053269 0.121983345993177 0.175702470490024 0.0185531478833517 -0.0315658494418003 -0.0401996747171401 0.00751350271720109 -0.0064389976721966 0.00291983641954568 0.0105068219184761 -0.0332868308142236 0.188478994890197 0.012669955961799 0.017950289446161 -0.0373272729014386 -0.0235188278842339 -0.0165563752162301
-0.103972406249099 0.0142874648499727 0.210846507023344 0.0472220785566919 -0.00483612340630154 -0.0138981843330323 0.00583382901059088 0.018352259922499 0.0519982876581797 -0.0197262959379039 0.0105164322150319 -0.0258799367729166 -0.00422194137567247 -0.0079423078891077 0.0304946334909123 -0.00300415780214782 0.00197683888193925 -0.00132814914722675 -0.000164378587040497 -0.000999538789410815
0.0202424403294371 -0.0181628764244506 0.00766482397509082 0.00152717526034981 0.021943050138517 -0.0171554882304359 -0.015515879717025 0.046228933331957 0.0257750124084389 -0.0124067460249152 -0.295574114231269 -0.0141040969661025 -0.0353820806538693 0.0542192439213185 0.00984077186225333 0.00767594855655198 0.0322174859025974 -0.027653266232717 0.0345919120013118 -0.016067357469919
-0.0167014069723027 -0.0166770946749022 -0.014465274914102 -0.0139054605198879 0.00634676629094938 -0.00493182680251086 0.010955038105301 -0.00634740167164976 0.00160520696321443 -0.0218077654137338 -0.0114345360625815 0.156732823832661 0.0123682611092809 -0.0138404022712944 -0.0191241611638901 0.0137391737520026 -0.00903868136889882 -0.00562203086703129 -0.0137786622945986 -0.00545865500253918
-0.00328475899116932 0.0157514405103512 -0.0104521514458802 -0.0038466615231043 0.110716801826931 0.15561418554936 0.0178067452534019 -0.0265775966859336 -0.0340933024252415 0.00534244052011387 -0.00501139563055291 0.00154024766572389 0.00946600060050496 -0.0310407780576962 0.172741297233236 0.0113549836989859 0.0133908693224224 -0.0339506380601682 -0.0250766277556273 -0.0166258829180519
-0.00153539252945089 0.0118310886479656 -0.00643182791783036 0.00224808028611978 -0.00911600105711313 -0.00760644709264911 -0.00154589578717555 2.78010572580496e-05 0.00195047742141688 -0.00389408778481095 0.00246361089817475 0.000648824207269936 0.0046530396472699 0.0271044274692113 0.0121241392222112 0.0118060461475176 0.00590430442929069 0.00427486720490153 0.00360427208183568 -0.00955326642007816
-0.229072973533395 0.2080148579372 -0.084417903949889 0.00680860696729625 0.02105170960384 0.0908234860942739 -0.0798701168709309 -0.00457005540768076 0.00448994968135299 0.0481132098917586 0.0344090158911393 0.0409502062726142 0.0263043964869494 0.0327629564116679 -0.0471882919342381 -0.260639730838512 -0.203368053202434 -0.0862545149735598 0.0626780648628764 0.153523480543039
-0.0311448510470771 0.267644895250614 -0.153448505217267 0.0126630601153294 -0.186677324358876 -0.186937378414739 -0.030098305363856 0.00852327282900855 0.009665367455684 -0.0375056692781672 -0.00545622216151978 0.0260229278592391 0.017532927467646 0.0187360504454277 0.14676531443411 0.113932933240257 0.0108998514197784 -0.0745254431072119 0.0545829415155134 0.0511672771104038
0.0125876231933594 -0.0121723729458259 0.00226186007733035 0.0141121244021202 0.00819952256770345 -0.00967633915368729 -0.0412613407727583 0.0779553706226519 0.0519728841158306 0.187412595984142 0.0394876154458836 0.0443902844748018 -0.00223635300552229 -0.0205951450993973 0.0254011694855746 0.0607752061919088 0.08996015729323 -0.00756805940178287 0.0387407237934201 -0.0759518208683259
0.00679894594962787 -0.00574235971452731 0.00227725588572136 0.000302744296225687 0.0081573893581781 -0.00339953645572184 -0.0513688742349882 -0.0459567253173494 0.0203436509995126 -0.0136832446995089 0.0205480756905016 0.00189579955737479 0.00570223412300128 0.00328893397305605 -0.000136527481270086 -0.0919745175686366 -0.102976983006621 -0.0945209856025178 0.103143885891435 -0.104803682267405
-0.0228137509483862 -0.0288894977321677 -0.020603583049441 -0.016482163370479 0.0115982617300709 -0.0094095232182207 0.0147501571002595 -0.00580984235504741 0.00332549727652075 -0.0310573704120901 -0.0413275416560233 0.216089092516556 0.0160892248741577 -0.0145688420654577 -0.0268432705475225 0.00418625532252631 -0.0122007423351392 -0.0068100393326817 -0.0230678869670164 0.00339827487761257
-0.0226008454549255 -0.0207507669684682 -0.0134609205084304 -0.147549063629621 -0.0290651451518569 0.0153352482126816 -0.0264452908653719 0.0198649823301138 -0.000438629958156308 0.0127994555943106 0.00620948432448724 -0.0575908132971766 0.00102305621636173 0.0156854119242994 0.00358040825666576 0.00789440451298923 0.00363233329976758 -0.00607647878737965 0.000176124013686012 -0.00420927336859613
0.015473233454131 -0.0140602286694923 0.0064652681512509 0.00273432353537338 0.0138515382606122 -0.00755193153898294 -0.0200648542199788 0.0402539723726517 0.0206284807524557 -0.0118720809349706 -0.262553705471016 -0.0147772250088118 -0.033140256948775 0.0491139198728698 0.00657692588491051 0.0151847663923668 0.0351590300363327 -0.0243683513689515 0.0405876810601543 -0.0234030331485424
-0.00151187639437086 0.0117441798356698 -0.00697479536576035 0.000627565362348112 0.007552105583446 0.0116988438993738 0.00108389793675206 -0.00172390397292519 -0.00290300255310706 -0.00176892824201179 -0.000620826038641092 0.00254303071838324 0.00227100825433492 0.00569686790619584 0.0140058398912112 0.0181102773403756 -0.0118213348706057 -0.0110202505361712 0.0133915679283488 0.0343223282673942
-0.0221965672692577 -0.0195337905889481 -0.0127508084837466 -0.144262880651398 -0.025480844279841 0.0133875936387392 -0.0286899629917803 0.0198130198874525 -0.000912829662610872 0.014326870050953 0.0057882735291515 -0.0615242841324733 -0.000219333642142689 0.0153376521501919 0.00445548364324074 0.00472426934723233 0.00284814162409048 -0.0042587913780859 -0.00149614230424505 -0.00350476978931816
-0.103645290390738 -0.114907443805219 -0.107215832967395 -0.0670054979915214 -0.0257356369197216 -0.00960987776912115 -0.0107355243646541 -0.00111558359446883 -0.0109886278901196 -0.00789493385559581 -0.0067569159312882 0.0577542128836453 0.00696086137271968 0.00330168758391593 -0.00092844126978243 0.00864628754719977 0.00853825051651366 -0.0113601461274063 -0.00406101819575794 -0.00550679416620748
-0.103267880327137 -0.115360680442747 -0.107074996397401 -0.0661612890348444 -0.025194319571195 -0.00999456924724702 -0.0119364277599963 -0.00129017401941997 -0.0103829141471271 -0.00787177684783646 -0.00801038255979056 0.0588976208986669 0.00717625367080033 0.00354847173448428 -0.00126007787825107 0.00925095935036322 0.00798441849563573 -0.0115633545556627 -0.00278660126515677 -0.00655349878585897
-0.00508070181069934 0.0245010092350107 -0.0151252152553863 0.0129818483686645 0.0723145093476581 0.0829917051849113 0.00926934779884504 -0.00206348861029573 -0.00759495323254285 0.0321798580891899 0.0109732934296524 -0.0442343885266598 -0.00518228676448801 0.0340917189538682 -0.336267760819798 -0.0545798452598157 0.0887831541589107 -0.143120794267842 -0.171413610376389 -0.0795737061095717
-0.253681494957331 0.226759437055446 -0.088125792087181 0.000435004338626665 0.0210480245419987 0.101509772587698 -0.00516832290023316 -0.000973156176550737 -0.0063780932730858 -0.0145661743864347 0.00504577074357425 0.00934219668817553 0.00519040744560741 0.0186600523250586 -0.0865935347576492 0.0575310273308606 0.0548945519375775 -0.00941499749265311 0.0413970529168966 -0.027542565651307
-0.022424050347659 -0.0204966751824006 -0.0131643141450198 -0.1482503254232 -0.0256825533356334 0.0144515954664043 -0.0301841587630465 0.0210316323903269 0.00142268982630804 0.0116777098476922 0.00348837104981557 -0.05859438418095 0.00152983653751851 0.0160949766947091 0.00329901261464345 0.00518170098280533 0.000710867294897484 0.00656568706993624 -0.000637906970502611 -0.00228501601139281
-0.00231255607718587 0.0143644422702343 -0.00942927228265856 -0.00328609892786982 0.100795687698338 0.144072467951656 0.0131507287876724 -0.021092356252533 -0.0296835715470768 0.00401954880103968 -0.0189397373674662 0.0022614773372023 0.00301234466151393 -0.0257939193828488 0.163305788340632 0.00481616141559024 0.0209178987693645 -0.0325429008646052 -0.0220881772076092 -0.0132042579211033
0.0045738714721581 -0.00458516580912571 0.00189091820395456 -0.0128225559123788 0.033412005653568 -0.0375230314843644 0.0429284425706031 -0.00531964133361152 0.00901278583558839 0.00184628000368603 0.0122114918999415 -0.00999529453382291 0.00264382550927106 0.000541438984552871 0.00862142961804088 0.00177612108829246 0.00656733150724522 -0.00358353604166538 0.0111685281957644 -0.0126720486713407
-0.0195530687921017 -0.0164268424299895 -0.0127413187382357 -0.133135524442893 -0.0246579190805861 0.0102269155757453 -0.0301535345734086 0.0159961361451169 0.000921527764308982 0.0114670228145476 0.00196321210484976 -0.0577990067522795 0.00114930192852846 0.01531304345841 0.00593100323344891 0.00201134629218244 0.00200676963766889 -0.0074356915053337 -0.0027293352132856 -0.00530451977129975
0.0194647397529389 -0.0190929495068594 0.0183169706048466 0.0100549266404779 0.0179472188020169 -0.0366027612820635 -0.0648660090675741 0.124631535365975 -0.238591040914683 -0.06736329982817 0.0620781588085643 0.0132056301406484 0.00427961618540294 0.0169518553639351 0.00335999298439736 0.0164397169458704 0.0380616929503002 -0.0150186835001426 0.0345891723701168 -0.0403045458949512
0.0208466736597666 -0.018002140721525 0.00409944552478295 0.01516829318534 0.00366764962679337 -0.00804175953588521 -0.053379740938496 0.0947112706037431 0.0643826776215253 0.24589972408254 0.0567949416859045 0.0718593058535911 -0.00412071283067529 0.0148651075836897 0.0516551058477171 -0.146123471388487 0.0710853615720473 -0.0192518782552422 0.0232359551348034 0.116340237416221
0.0066934192765522 -0.00664407504375536 0.00480093162488185 0.00152985181041195 0.00909449908126878 -0.00298958868761035 -0.0558988951288436 -0.0442941692280467 0.027696478108147 -0.0195578785617103 0.0234071509206943 0.000671076604378957 0.007291910445988 0.00219132992103889 0.000385001485403593 -0.0907591864800527 -0.11075790564147 -0.0992486169381158 0.105682315381505 -0.117377519657425
-0.000227411482858056 0.00163063704684491 -0.00167227786728211 0.00422160469742349 0.00447620475657545 0.00768243238437333 0.000654216506311702 0.0046239629476204 -0.00462961342163716 0.00728349209167031 0.00395230147771848 -0.00497307572269847 0.000408094480993286 0.000930502878637834 -0.0197024298752321 0.00406809447048281 -0.0109764765955383 0.00139008682810091 0.00226971612982421 0.0145211769297203
0.0502143801224424 -0.0453440896227896 0.0176129781360398 0.00411314702327816 0.039340502612941 -0.0329225099184167 -0.2687027754788 -0.25518251804398 0.11511598579904 -0.110364882459028 0.095665477710027 -0.00444988716280502 0.00773332391902082 0.00805292678582481 0.00709831268946268 0.0334937785670212 0.0447215584432785 -0.0204623784354409 0.0525989975535306 -0.0896855971297211
-0.023193674962529 -0.0204868215854744 -0.0134421636399263 -0.14740954710421 -0.0256421510053009 0.0135307514122802 -0.028786118831235 0.0199220197502755 -0.000870569029500954 0.0137903451273775 0.00549611752689639 -0.0575632875111212 0.000510083045613797 0.015378544211725 0.00376071612168078 0.00536067078648215 0.00275444597016055 -0.00457451104099929 -0.00159864866221639 -0.00351103853318219
0.00354615350765238 -0.00369088667569709 -0.000371895944122635 0.00100681210880129 0.00519291474534587 -0.00681206128817339 0.00208923915526107 0.00665797451258813 0.00354191720114359 0.0101190879579469 0.000798308697649866 -0.0121881270932662 -0.0149927425045501 -0.016007099465209 0.00279603128684473 0.0177164142432205 -0.110880450158487 0.0777187710909138 -0.123226854260766 -0.0215191117739631
-0.0694645501538696 0.064617563173486 -0.0250356074422809 -0.0148519898808909 0.291693694992695 -0.190408514558472 -0.230611410260479 0.00794579700079566 -0.0339423957005776 0.061623108611597 -0.0601881343615098 0.0102411866543854 -0.0168717679978889 0.0580755367290767 0.0181377518351297 -0.0692867065028963 -0.0273618449734078 0.0331899349385636 -0.0574036968834487 0.0342153862060327
-0.00139368799435152 0.00697332762674316 -0.00491129578553751 -0.00172425302203588 0.0489592971625463 0.070442928961932 0.00672723078948937 -0.0137697146876679 -0.0164482248913531 0.00284286450111343 -0.00269274513504207 0.00125628522615675 0.00521185628518186 -0.0140405011176404 0.0805584243191805 0.00431204334922298 0.00782233239851599 -0.0187062803120515 -0.00958541728345474 -0.0105436426824976
0.00773522482665121 -0.0116646342648015 -0.000676797045236942 0.0139268792369008 0.00651695500875041 -0.00809675689303945 -0.0328989590677415 0.0627158563660977 0.0425955182075234 0.153970380446344 0.0356371928666972 0.0351322770959719 -0.00184124706609146 -0.0170981278157109 0.0201216186442357 0.0582204402171981 0.0810726821295404 -0.00366208689711045 0.0384614374143417 -0.0713867844304144
-0.0964112435029031 0.021785703324649 0.117926936451375 -0.134185490377731 -0.103377881190653 -0.0608247047430826 -0.0329860546888768 -0.133976281722279 -0.129856573726127 0.121521596077253 -0.0842262738457291 -0.0574677924812536 0.133013985931554 -0.176925787445995 0.0177800933148236 -0.0772145432288277 0.0373504428699563 0.0295593148251729 -0.00705451466428093 -0.101368573705608
-0.102347223887603 0.0208876197465659 0.204012948703797 0.0488365956176238 -0.0115639219817218 -0.0196362636302658 0.00574409176269581 0.0172522544224405 0.052184582217258 -0.0174332336910747 0.0116505696714192 -0.0268441775803721 -0.00473855753901889 0.008229927288196 0.0401445072898411 0.00914021696213093 0.0126617937875649 0.00185743717451588 0.0045369671279517 -0.0164220274341376
0.00362240876230165 -0.00373688123297708 -0.000272732733401726 0.000987001202503758 0.00509006506745464 -0.00676086168369032 0.00118265133143855 0.00553058893659769 0.00369333430502109 0.00932110145647008 0.000981246148401238 -0.0117426994284625 -0.014375903504317 -0.0154576135318962 0.00283152056798903 0.0171833827204266 -0.10702725997547 0.0745174336565072 -0.119833327979082 -0.0210654998570943
-0.00423671714216477 -0.00514431703794306 -0.0282352818945442 -0.205710372787208 0.113586940005112 -0.178167858465256 0.167491262971709 -0.0110130423287625 0.0309675487351227 0.0165645051131089 0.0591949589940489 -0.115879658087303 0.00729627058293661 0.0382696539341601 0.0433326690751213 0.0442087614949662 0.00736265972904949 -0.0952706568554627 0.109135500222224 0.122803441363886
-0.030855814890173 0.00317012097655034 0.052111437821201 0.0231926182164858 0.0330786301768484 0.0152821021370752 -0.0185500252404774 0.142999717410702 0.133906265439423 -0.115407738288618 0.0423300822505288 -0.0232600125970783 0.0403265811821769 -0.0280377192739113 0.0188834754924005 -0.0212369054356475 0.00866145189102402 0.0103855359703659 -0.00623819079616105 -0.0254294519052079
0.0497840104515962 -0.0449326683218769 0.0174823899405507 0.00401939883383453 0.0389695832454307 -0.0326087734177048 -0.266736434660993 -0.253302233968313 0.114346107876233 -0.109433418696936 0.0953601768146821 -0.00422683963987685 0.00783005825686366 0.00789015973057964 0.00699175138349279 0.0313837143219474 0.041484221168248 -0.0228664143559266 0.0550357334010141 -0.0926421684260718
0.00388292490715416 0.000439355385321827 -0.00300548100747828 -0.00233810388316856 0.00841916157162953 -0.00241714846991146 -0.00477611385017161 -0.0116488521131001 0.00324759413153578 -0.00478776047667335 0.00520439739639249 -0.00655989243095592 0.000831641263718166 0.00921519772004279 0.000484370369291039 0.0080908042409519 -0.0102919447958447 0.00487627631993484 -0.0138014238401284 0.0109916284443661
0.0538123301287722 -0.044066868252161 0.0166149083475699 0.00137199986660533 0.0452334323466969 -0.040567970168405 -0.277313482092775 -0.266974289809001 0.12038679315368 -0.113784202101047 0.101642977572151 -0.0101224292953569 0.00734147561563851 0.0164020877296989 0.00418259019037196 0.0497278691045667 0.0298807040965549 -0.0182365075033867 0.0374018480188015 -0.082832100594644
-0.00306612305756426 0.0279812281376842 -0.0174179939247097 -0.0044868167542544 -0.0258585179447095 -0.0240873695328837 -0.00774460488111937 0.00919826277685678 0.00489000010912762 -0.0246922638392312 0.0103206431316307 0.0148506378028054 -0.226988109095661 -0.10406188149599 0.0296037609289551 -0.0626763350391874 0.0464143460224389 -0.00309206367735905 -0.0274327461849774 -0.0511091570264496
0.0146571451247986 -0.0135673364415184 0.00597133938663916 0.00273124460388156 0.0194731096675958 -0.00298672860634669 -0.0220082367260372 0.0403529305180641 0.0243287029845351 -0.014502869869894 -0.263881758649735 -0.0111549578228256 -0.0364352041857711 0.0494265451676103 -0.00895197144901662 0.0146034368630147 0.042384637035849 -0.00401020848648739 0.0524875743766887 -0.022125328397439
0.00357409180719325 -0.00216868981210133 -0.00160005722839177 0.000964821095963126 0.0103147364170584 -0.00305996854938834 0.00305107512096167 0.0050975165123477 0.00358395908036949 0.0115457995109049 0.00228383919026753 -0.0135641711190865 -0.0147389237376034 -0.0128046183567587 -0.0068424989253362 0.0164114744464853 -0.108375805928968 0.0764166225646408 -0.130030163264977 -0.0298493883948616
-0.00314209940813065 0.0124535802637373 -0.0121779761537679 0.00720512868880422 -0.00594930530144108 -0.0123457005216761 -0.0124778865249591 0.00723988704046499 0.0134970200357368 0.0112256025063031 0.00927273641856434 0.0160175554038299 0.00875321791669126 0.0022839108881221 0.00587092763634626 0.0857024525856581 -0.0665514543239078 -0.0466266339088966 0.0207886308019208 0.0319316576893479
-0.00175224069163537 -0.00468895755720558 -0.00374961070927238 -0.00431228756949475 0.003248933213933 -0.00154013243263718 0.00385950651913877 -0.00221819771227889 0.00124685695368527 -0.00576365675037056 -0.00258467357847417 0.0378714348551918 0.00288272670678868 -0.00141345650399546 -0.0095514114586901 0.000919700703264343 -0.0153585525096111 0.00894198940047137 -0.00473344910220574 0.0122121702390523
-0.0546338411252294 -0.0689247152219521 -0.0745805587381835 0.100856775010047 -0.0101745130591584 -0.0185601841568574 0.00239474427222202 -0.0154789189748804 -0.0156972612551075 0.00929092377866735 0.00253106444934643 -0.103470937713553 -0.0110626009101199 0.00491823798530693 0.0279443256936965 -0.0134027383696698 0.0223779556271727 -0.00194284557953117 0.0172511884472727 0.0109234710057794
0.000391712834530877 0.00810706314736703 -0.00475235456219734 0.00121766881905009 -0.00256606712636814 -0.00298513609351384 -0.00488315863044843 -0.00284617831568039 0.002119635401234 -0.00278804354182399 0.00206021243613042 0.00093358536218958 0.00233288949736805 -0.000425537210748384 0.00180729640838622 0.0175710743327268 -0.00598159947542706 -0.0159890392215481 0.0152085704988216 0.0149025210634456
0.00867673410399335 -0.00641188312802831 0.00380208585444309 0.00158799722576396 -0.00381531811813655 0.000161766763115256 -0.0155332700361953 0.0155691171151751 0.013064683711079 0.0619308872877543 0.0146350181266003 0.0277522499833206 -0.00182971742608352 0.0366737313146739 0.027160684946122 -0.215697042773986 -0.0292238113081042 -0.0151984633983317 -0.0158871827102232 0.200730667098108
0.00609067926300719 -0.00856482870207944 0.00506009819337574 -0.00281514195439349 0.00724824287786682 -0.00718632906715773 -0.0432753289614357 -0.0396494702494219 0.0148740453520702 -0.020366305890195 0.00657415198953139 0.00209859119449606 -0.0019377066922469 0.00329681835557356 0.00161941834927247 0.0382662700311469 0.0494919202888348 0.0322793272150547 -0.0329802315102573 0.0348135071594703
-0.0673032217455964 0.0105419000428721 0.147188932191216 0.0209010673920341 -0.0369763870113266 -0.0267049962506331 0.0234617535127448 -0.126912133071459 -0.0852549047939796 0.10182197958539 -0.0341485412882024 -0.000684750320661521 -0.0428920703402173 0.0178797146761468 0.0109590976439729 0.0242742315027501 -0.0105102523276126 -0.0014411376347009 0.00570348130431331 0.0144773164572158
-0.217107425760151 0.197552504346065 -0.0842292669680627 -0.0540737232364361 0.20690387431889 -0.0915171592671516 0.208320585772411 -0.0389354666646409 0.0272943105268321 -0.0122081290338574 0.0550679405908097 -0.0570554794215939 -0.00418300152948704 -0.000779291271060876 -0.0568413580539321 0.0540301794144441 -0.0462316562883006 0.0714574231224042 -0.0809351428122569 -0.0688956830689162
-0.0227443705210528 -0.0197526756205167 -0.0130897692503387 -0.146802059066354 -0.0253740243856728 0.0142343136880737 -0.0290010685624322 0.0199049211336577 -0.00110659116519516 0.0147360824638827 0.00584890139948927 -0.062502558163373 3.10902474858788e-05 0.0160247221876165 0.00150204019051797 0.00448194546532888 0.0036972901651746 -0.00601848044253848 -0.00256023155882285 -0.00372700083389181
0.00438157691606625 -0.00177031238585572 0.00305744282855099 0.000888058924834863 0.000245108283707347 -0.00323983315711737 -0.0035974240743081 0.010922445634982 0.00415031063751301 -0.00482663945046973 -0.0508209158864644 -0.0024541298404344 -0.00572169837721015 0.00328666706599155 0.00038769968434188 -0.00651992438531284 0.0050988223863408 -0.0057889029110242 -0.0013717775315829 0.00686379918513993
-0.0246057829412865 -0.0194798334816795 -0.0218683435491229 -0.0204257759218784 0.00776149711808533 -0.00742999351871016 0.0149523305523805 -0.00691620848930203 0.00484904541492588 -0.0363973172300819 -0.015036903423198 0.221614083868573 0.0189963035229519 -0.0159459572475423 -0.0318479993160401 0.0243945715949575 -0.0121852361107287 -0.0163485265737 -0.011439331964858 0.0096227858797327
-0.0024301886985545 0.0274360541011042 -0.0172485073260142 -0.00480842981766195 -0.0254844305392985 -0.025010415649136 -0.00674429856352173 0.00774166104861828 0.00584277970317738 -0.0254580660577986 0.011441370500095 0.01456577102346 -0.227848780729498 -0.104971265053031 0.0299202076955003 -0.0610085942787738 0.0489993730576395 -0.0025266899409258 -0.0278488828209494 -0.050881956936357
0.014989215071889 -0.0126711827371213 0.00583245955462439 0.00272040899438977 0.0160691736870403 -0.00497300715466203 -0.0193918719943797 0.039791661315584 0.0208367562751922 -0.0123710652494909 -0.263207491242562 -0.0150291849708905 -0.0338426704858602 0.0511232219328117 0.00129442110516075 0.0152547158135172 0.0360916954157744 -0.0241842986713616 0.0438614676124467 -0.0212165675913693
-0.010841050219873 0.00140753151276998 0.0200669937787415 0.00725257185945741 0.0116897076549541 0.0058283354112403 -0.00472917496108638 0.0520348457004735 0.0507769039787774 -0.054337090280577 0.0261714453138668 -0.00693539431767124 0.0202302042682735 -0.0129252808599912 0.00561305515619866 -0.0454302693941937 0.0769529741424969 0.00287202043789356 0.0323200801064585 0.0632310145309976
-0.107244070992416 -0.0816218859372899 -0.133053269627995 -0.0716849495673177 0.144251318844388 0.232294035013586 0.00931330149858794 -0.0362332750855687 -0.0564476657451526 0.0185239754393205 -0.00935528800837388 0.0483342427615629 -0.00849211995074167 -0.0241781759750553 0.0339873217813077 -0.00448933983879245 0.00997150843299758 0.20078224965425 0.138589934914071 -0.0533060142349835
-0.00208249315085926 0.00870941529836668 -0.00315164122538076 -0.00252952108040219 -0.000603189468085113 -0.00281068253986521 -0.00284427865254072 0.0021421848846182 0.00519045074178211 -0.00359160898866818 0.000994676990700923 -0.00392040036675527 0.00197001194450285 0.0112972356222142 -0.00802259905060247 0.0109829194182646 -0.0129896609022285 -0.0211807897786985 0.00910997394883051 0.0132088933136223
0.00403906344283897 -0.00478676026464199 0.00218297670564924 0.00280785838206382 -0.00112231329304451 0.00144534811974943 -0.0203171939921355 -0.0210236276193447 0.0146877089493338 -0.00846289384252827 0.0131956447458887 -0.000819667621006167 0.00107372838225928 -0.000935696323143978 -0.00279264137689772 0.0129737479255661 -0.00679021745060981 -0.0209370517957359 0.0264252771478149 -0.0363845299602072
-0.0035787848119056 0.0331861253889669 -0.0169905665007439 -0.00343836920959735 -0.0376714761906296 -0.0446597418288587 -0.0149224487231688 -0.0177995573307854 -0.0248699851952684 0.0159170638394305 -0.0574834367195053 -0.0235250083709057 0.159129717823294 -0.198617112310071 0.0112437066716279 -0.0855831828794423 0.0338000551682518 0.0751306025048525 -0.0688190762816361 -0.0849138063042435
-0.0226891474586252 -0.0199613172958911 -0.0130152038010683 -0.146840461002135 -0.0258543754957421 0.0136169232990387 -0.0291042136346251 0.0200791345090664 -0.000941798304630932 0.0144784128814931 0.00581344115908333 -0.0619792546112161 0.000128783915078474 0.01563468643427 0.0044013383959079 0.00500349382373498 0.00310646896542752 -0.00463197233881954 -0.00102207625603442 -0.00333842690678313
0.0130260829442968 -0.0108837618546864 0.00131255340026057 0.0135482502733286 0.00969953450217586 -0.0115410930795092 -0.0395226934298493 0.0740222704984879 0.0540552692801896 0.186863372073191 0.0462809623290897 0.0450437702782489 -0.00189295577289779 -0.0184508381552185 0.0253986954412722 0.0640949185837762 0.0904132279029225 -0.00893166102319052 0.0530389666553213 -0.0900775327311943
-0.0231002422097094 -0.0242434509235299 -0.0194866402971786 -0.0202289553841188 0.00974195141852002 -0.00572223139829583 0.0154279812255801 -0.00890797763830452 0.00236922137972993 -0.0311594826373279 -0.0158427629225512 0.214964138586472 0.0173399757861936 -0.0177765812849582 -0.0279295124782846 0.0155587392900672 -0.0119663957725384 -0.00593325347410634 -0.0192476124356864 -0.00853825420342016
0.00490760654646932 -0.00277926437493163 0.00016126998636249 -0.00269222083275279 -7.41381538285248e-05 -0.00368886942226937 -0.0194059083922308 -0.0152412601758479 0.00850327767982573 -0.00519534116933649 0.00697970624955402 -0.000899534042264196 0.000328065418687096 0.00383060797122079 0.00212352898261123 -0.000582447384958785 -0.00626480869424985 -0.00888678272273307 0.00965910288970787 -0.00418794778463914
-0.103651593358411 -0.114819222452788 -0.106982513883924 -0.0693421772238122 -0.0263678897050471 -0.00925960700795249 -0.0117455403569795 -0.000295175895288975 -0.0112399494076371 -0.00667302819734653 -0.00618118348286297 0.051849847597717 0.00682291927331339 0.00401249268462151 -0.000254843536381654 0.00879789382752423 0.00925402122429849 -0.010730996778279 -0.00231431922092235 -0.00572003229935453
-0.0821031289994504 -0.00593470233330147 0.231316713434064 0.0559047243309966 0.0136725702881718 -0.0548520145639005 -0.0662973001670283 0.148364745765207 -0.199150023376706 -0.0959437893057576 0.0753649283354667 -0.0149155263584801 -0.00153719839093919 0.012358774368145 0.0342458146703422 0.0208816881577083 0.0464612943680414 -0.0172756433063904 0.0383575543932963 -0.0472206619409716
0.0203612453367914 -0.0189373802138442 0.00744204115122393 0.00160159597876425 0.0197934583736672 -0.0158528225432726 -0.114393315318735 -0.111852787903442 0.048223997781172 -0.0544371127887363 0.0365436406752462 -0.00413359560044499 0.000118612553900354 0.003525069713729 0.00472306340999664 0.115138568304543 0.165694791182 0.124069777934473 -0.121230049866681 0.129750705885394
-0.207912932490976 -0.0997715153085777 0.101790274091349 -0.0223907982777795 -0.0323687863414224 -0.0238336217595521 -0.00535973597892618 0.0186102290193981 0.0416707606612745 -0.0283010629214216 0.00484039660846474 0.0320992097795892 0.00454575696990496 0.00313753076461614 0.03267485249553 0.0033740126044464 0.0131244849337349 -0.00901996130118834 -0.0060040231243305 -0.0129191803338718
0.01187547291528 -0.00886387792008476 0.0103533665794135 0.00646029271878557 -0.00311295022758891 -0.00140008287845042 -0.030010163317594 0.0425750683406039 0.012594098477511 0.0466182528816335 -0.0108615801507769 0.0428848123604068 0.00487835958721373 0.0444858243221326 0.0281354375291527 -0.244527762686032 -0.0597231580834754 -0.0393476801401271 -0.0182067283690489 0.268169201394705
0.0130118326175745 -0.0104850369614472 0.00456132450864708 0.0019776903689129 0.00840621237210508 -0.00649179017923858 -0.0151245920549896 0.028498012422472 0.0179234356142249 -0.0118597890632423 -0.209734362203832 -0.0123334729700313 -0.0233220889436657 0.0342946971089801 0.00599905221201358 0.0144510991567434 0.0339967851707999 -0.0262647868878551 0.0319146252575003 -0.0181966665856833
-0.0780328014526661 -0.0931532108059588 -0.0939576760423895 0.0802981734415273 -0.00134609674866884 -0.0247561255513934 0.0187590333157488 -0.0236367415540965 -0.0137761304951112 -0.0211467316401448 -0.013343232613554 0.11174269558966 0.00591578347676515 -0.0127001077059194 0.0017240240573728 0.00196716607797158 0.00962102190475731 -0.00966448831703132 -0.000268066711594092 -0.00103597734714859
-0.0689375206511783 0.0109488055717637 0.149775286327117 0.0211020591776143 -0.0373897902269093 -0.0268526722113769 0.0244999617772178 -0.128938633570984 -0.0855881610219744 0.102661866189532 -0.0344087749592871 -0.000976591278278734 -0.0441943866626035 0.0188927217112373 0.0106025886224299 0.0254812921401761 -0.00577714040085977 -0.0029094664622767 0.00860750036825611 0.0113188739275612
-0.0499304949384071 -0.0628922419295959 -0.0681537662497187 0.0934422117378439 -0.0100379666598963 -0.0179952105366425 0.00308810897865426 -0.0140662042204879 -0.0155012700194508 0.00920194032437652 0.00211892450924673 -0.0993290965842677 -0.0113783900073262 0.00448852724458991 0.0287615559774961 -0.0158874983470879 0.0199120745757014 0.000513426188123903 0.0181391596227902 0.00846639491147628
-0.00266638474102149 0.00942317725719984 -0.00713718389542173 -0.000893398894861841 0.0305323606850414 0.0383308963237993 0.00280130181653498 0.000527724986341432 -0.0035461151085545 0.0080352661448059 -0.00058708230837972 -0.00126841974436706 -0.0210054258673483 -0.00213254177280029 -0.0792612579861154 -0.0143010695234851 -0.0488103709328367 0.252215993879945 0.189135588113635 -0.000592035953934908
-0.00422215136364797 0.0182889159781968 -0.0126727082638009 -0.00446031868053269 0.121983345993177 0.175702470490024 0.0185531478833517 -0.0315658494418003 -0.0401996747171401 0.00751350271720109 -0.0064389976721966 0.00291983641954569 0.0105068219184761 -0.0332868308142236 0.188478994890197 0.012669955961799 0.017950289446161 -0.0373272729014386 -0.0235188278842339 -0.0165563752162301
0.00554156355960079 -0.0199802737922751 0.0421948300197785 0.020737450974888 0.0369730427686405 -0.00610681437949981 -0.0460248190908045 0.139036664543937 0.11086390660786 -0.0731020078137825 -0.295061024196424 -0.0300126523640904 -0.0221188775207319 0.0448185161760848 0.0291276827521841 0.0400596865794276 -0.0297420029984702 -0.0136612070181534 -0.0212969999882643 -0.102984275881308
-0.0185429498184364 0.00128424583550896 0.0328370592642368 0.0165378563922583 0.0183660037054588 0.00554012763339381 -0.0134141261050571 0.0887121742538279 0.0809806489358966 -0.0611007203106532 0.0148884488056242 -0.0179681856971855 0.0190726053500219 -0.0152513474998033 0.0169298777834647 0.0219315319745432 -0.0670309894090206 0.00343779933559982 -0.0401177955066286 -0.0856431740272231
0.00114501076027575 0.00704467296764874 -0.00394056360756399 0.00133969757987524 -0.00010613170206059 -0.00440677627446078 -0.00402514333608595 -0.000119581251212963 0.00425537412423476 -0.00282293371766402 0.00416796421472754 0.00174654454003447 0.00361862978715722 0.0115125139480133 0.00594998460550805 0.0120399197431929 -0.00948673116764756 -0.006889193276268 -3.18878670501621e-05 0.0357483403127226
-0.0139821017602123 -0.0188350061613998 -0.0207995615499439 0.0289416322886887 -0.00203971406087242 -0.00594297498876759 -0.00244809559823526 0.00311575577742289 0.000283266985802804 0.0209087419393609 0.00533571629326109 -0.0270672066951093 -0.00349548654240658 2.18867596324291e-05 0.00940974033946961 0.00168842847237645 0.0151361496135453 0.00249910997516856 0.0163082989953159 -0.000129103712162884
-0.021124149943871 -0.0259563978919167 -0.0190328877524944 -0.0204890926656973 0.00964463481095018 -0.00678170899702607 0.0145822661253521 -0.00894198032507088 0.00150113895972172 -0.0311096089514187 -0.0185573800684959 0.218313499848331 0.0202593857855249 -0.022949705258644 -0.0282967658099589 0.0109410696085012 -0.0159481549814369 -0.00127789610969849 -0.0271777058275419 -0.00238001330027564
-0.010841050219873 0.00140753151276998 0.0200669937787415 0.00725257185945741 0.0116897076549541 0.0058283354112403 -0.00472917496108638 0.0520348457004735 0.0507769039787774 -0.054337090280577 0.0261714453138668 -0.00693539431767124 0.0202302042682735 -0.0129252808599912 0.00561305515619866 -0.0454302693941937 0.0769529741424969 0.00287202043789356 0.0323200801064585 0.0632310145309976
-0.00195302815962693 0.00377502591840218 -0.00469328343493742 0.00434425803946003 0.0153434930049111 0.0167777627595913 0.0030103514291641 -0.00217009069350179 -0.00312622772793938 0.00315543321846791 0.000545508828996879 -0.0112225263231797 3.1102180851614e-05 0.00650112242759597 -0.0585565406283678 -0.00468080447723644 0.0173282065057161 -0.0360991432673378 -0.038907564441164 -0.00943316396310083
0.00701888566467873 -0.00593833321940799 0.00235425962172248 0.000314575253433346 0.00833668454971715 -0.00354898000839385 -0.0524138084505447 -0.0469624263333746 0.0207726908676554 -0.0141134519738993 0.020918769265835 0.0018824811841872 0.00573156249423085 0.00334452515532226 -0.000157470726046091 -0.092741075392242 -0.103973875739276 -0.0955834084350894 0.104416956693969 -0.10649963705317
-0.0774377850955752 -0.0927173937257516 -0.0947863507768433 0.0810040267489645 8.63543869604002e-05 -0.0245758081267916 0.0181177548078752 -0.0225963461745948 -0.0171772486924355 -0.0209017014889126 -0.013682975798678 0.113325161061935 0.00884009700324581 -0.0135413863232297 -0.00067395096774097 -0.00247092704168598 0.00468684113581735 0.0032975916777795 0.00415029990525493 0.000561127374593709
0.0111046460193381 -0.00948652136951496 0.00365240747757462 0.000774069293794283 0.0142001276777485 -0.00638301850060827 -0.0632780273386121 -0.0597111176421506 0.0201779168778122 -0.0313927409058217 0.0229403516374262 -0.00153299276645522 0.000504856394068619 0.00256327810974927 0.00595047615791271 0.0669947317600801 0.097741806606405 0.0700829020815775 -0.0700110029224724 0.0804846622836407
-0.0495167876056228 -0.0633424140344314 -0.068055921082069 0.0937016941202279 -0.0115540027154357 -0.0170669612540162 0.00426401297519067 -0.0140504363488166 -0.0152734831970618 0.00868459430952436 0.00233427158130142 -0.0996795929614918 -0.0110474499960282 0.00358014958258205 0.0286410464065605 -0.0154263753225616 0.0203193475390969 0.000342587842316704 0.0186795448631784 0.00855658066908098
-0.00556740938164171 0.021702113356229 -0.0145001153817177 0.0120341477644398 0.070596524958482 0.0809037776055973 0.00659778107132699 -0.00101515599437263 -0.00428111277086963 0.0313812432169995 0.00835486744078376 -0.0417749355550903 -0.00377081548621711 0.033554989356188 -0.329157732950407 -0.052070756999075 0.0896946548780632 -0.1385976306589 -0.163199766958127 -0.0930063754362568
0.0101175030447504 -0.00978094402686394 0.00174404893695888 0.0110850430604253 0.00721991464632683 -0.00786952695801654 -0.0340153460989478 0.0621734308788448 0.0434027755171768 0.153316541217692 0.0358426561500226 0.0366416761315343 -0.00217416898991502 -0.0177554793773175 0.0199261621378515 0.0569878716590053 0.0786414959806325 -0.00162778931642204 0.0384576954397518 -0.0704046577666358
-0.00266638474102149 0.00942317725719984 -0.00713718389542173 -0.000893398894861841 0.0305323606850414 0.0383308963237993 0.00280130181653498 0.00052772498634143 -0.0035461151085545 0.0080352661448059 -0.000587082308379722 -0.00126841974436706 -0.0210054258673482 -0.00213254177280029 -0.0792612579861154 -0.0143010695234851 -0.0488103709328367 0.252215993879945 0.189135588113635 -0.00059203595393495
-0.020682101965887 -0.0140500077388437 -0.0138726283407859 -0.133083582945187 -0.0260506948817248 0.0102734311874968 -0.0273503207313486 0.0180433729101381 -0.000341988717340881 0.0117495479474588 0.0054647933930741 -0.0578531813881446 -0.0010976068501021 0.0177348740971622 0.00590210794616833 0.00907751770916464 0.00173187695650172 -0.00942195067541105 -0.00228231026797358 0.0014947628089668
-0.00460663996696788 0.034262213932103 -0.0171093922554032 -0.00384801367799223 -0.0389121385602012 -0.0421630478614557 -0.0156575545291438 -0.018930681111577 -0.0250832052945826 0.0121657292268826 -0.0571480562537607 -0.0198084405131339 0.162604636992945 -0.191924025515726 0.0100570728776552 -0.0902853375008696 0.0682212293149594 0.0502142961717903 -0.0287485989557165 -0.0772576575676077
-0.00567181233043945 0.00810424602981103 -0.015971295549514 0.0146238463137719 -0.00879563574318388 -0.00832696577922868 -0.00820978789249042 0.0106658263734661 0.012065534428702 0.0175278674246122 0.010693503033066 -0.00262180807709433 0.0077486550721995 0.0014490228363999 0.00178905523564049 0.093781757872833 -0.0550660176278603 -0.0466802622944969 0.0161697378208174 0.0298027816173069
0.00132756167730547 0.0049332054528757 -0.00230076049514737 0.000678316702090632 -0.000359654655172478 -0.00155569358125625 -0.0020376381225913 -0.00483444866237619 -0.00266704896754763 -0.000487388737659441 -0.00264486597819522 -0.000954838405147206 0.0139642398889394 -0.00351514000647433 0.00487659208122282 -0.00610481597716704 -0.00119956710727382 0.00809801830971992 -0.0191703582418019 0.0120288622615326
-0.0778123001145723 -0.0925823356585727 -0.0943247453810863 0.0806017572209575 -0.0025146460407684 -0.0278655045528714 0.0151727587730888 -0.0249971259787518 -0.0116652502684584 -0.0189154758031988 -0.0179052642518284 0.116126331384287 0.00570970376085156 -0.00999340185848094 0.00432584136901472 -0.00612617868060555 0.0147203373834001 -0.00748475105555264 -0.00536029577590922 0.0157637772903719
-0.0676193757361023 0.0111497898711842 0.14667668778477 0.020787721325697 -0.0370386902932129 -0.0266120431059603 0.0241141694896742 -0.126835358628085 -0.08419253106049 0.101010216948383 -0.0338119274864796 -0.000864479350083769 -0.043419672987552 0.0192200720534228 0.0104821650336342 0.0253835434303226 -0.00594019261475647 -0.00317852871888807 0.00887536993969092 0.0123265065635268
0.00211475520918616 0.00390308849223518 -0.00347331211853146 -0.00327858501990013 -0.00428690080906987 -0.00728857394382599 -0.0231291494785021 -0.0113845298762957 0.0157201130111821 -0.0092005499610717 0.0103117893479105 -0.0083874921133541 0.00538312187863092 0.000981722501193069 0.00283613607244666 0.0347766219506768 -0.0447232759742211 -0.026639886093408 0.0176942870975908 0.000240344025770375
-0.00663198395085316 0.0467396938571472 -0.0258224043812331 0.00980337701446592 -0.0548042683134468 -0.0274823387312301 0.00863545777936891 -0.00288586412549032 0.00536453728550146 -0.0113466511913362 0.0204733325323595 0.0315329642539755 0.0396722800807501 0.246881813445069 0.0899765996233685 -0.0877939364894903 0.0617496011341874 0.11722111137689 -0.0996454459075681 -0.202309848811686
-0.0693317302587372 0.0636863913778664 -0.0231452689047969 -0.0163722576055861 0.297107870933438 -0.192420883117475 -0.234065534983272 0.00754057389423023 -0.0350956053050183 0.0640627325006026 -0.0585129328265288 0.010948505676766 -0.0160696407227342 0.0551423074260461 0.0191993388655593 -0.0776196239188341 -0.0277134163704006 0.0401180466274246 -0.0637958440075833 0.0303396435856554
-0.0552373512986475 -0.0657178449040474 -0.0763536141587073 0.1024685846832 -0.00391000155269838 -0.0122898698957843 0.00286011398599452 -0.0116290124090032 -0.0220445051701534 0.00965879284401428 0.00126196180810288 -0.107144526115735 -0.0115691872601007 0.00922337075049351 0.0114217532060019 -0.0192962171199474 0.00886150264787214 0.00422899916514968 0.0221385093523172 0.0249861708172099
-0.0314328135051149 0.268031455191941 -0.152938529611719 0.0124625023979864 -0.185165541880915 -0.188620033933134 -0.0285629915134751 0.0102878007355611 0.0119378338597344 -0.0398461179155797 -0.0043048383227697 0.0252974574022312 0.0184593918674396 0.0185948384726167 0.147450245519831 0.113146295870494 0.0142252431096155 -0.0756571606740846 0.0573901024504549 0.054936780283755
0.00877350231675526 -0.0090476408739436 0.00283643902721583 5.11095428607509e-05 0.0105947077759675 -0.00656849003976744 -0.0523326157262788 -0.0508453795585968 0.0221532824879133 -0.0258811715003803 0.0140407969563509 0.00297160691237401 -0.00045178643645512 0.00185438484396638 8.1726598207039e-05 0.0496524267964825 0.0701830227697911 0.0540579747733681 -0.0511138728691833 0.0520500625899137
0.0125586877813302 -0.0092363775122437 0.00334093671452317 0.00276018756731119 0.00401782915437854 -0.00180905483296511 -0.0606840406029337 -0.0338609911796554 0.0296636570710943 0.0258774945170686 0.0305350253041495 0.020195901660404 0.0074743030416383 0.0261542340333169 0.0162841030011292 -0.2145064121658 -0.117161045293087 -0.107609324618593 0.100994449794979 -0.000785833941603857
-0.0010001250943073 0.00453832575693714 -0.00410216266293867 0.00236044318860096 0.0175409305014926 0.0236251472937101 0.00156301258694747 -0.00116074820580704 -0.00113145942234696 0.0107181128666911 0.00437692198320994 -0.00804787602852187 -0.00165591910770812 0.00755056529530171 -0.0816396200975553 -0.0128423067837207 0.0263587722117822 -0.0234056598498884 -0.0306554886532984 -0.0334837942265829
0.00617503684619145 0.00144054640169707 -0.0058884693770127 0.0170109865296653 0.049107923222339 0.0395070022047774 -0.038372390555721 0.0801833946912873 0.0516299297225685 0.216746174999649 0.0524113864370704 0.0242574869734796 -0.00736419096747265 0.00143120492752777 -0.174094661380989 0.0380035890683518 0.149998009401763 -0.0687792166917222 -0.0429105001053666 -0.148817234289827
-0.0225671746455675 -0.0237043673849066 -0.0190787323385512 -0.0196378647734539 0.00962373883185901 -0.0055741520714329 0.0151427530153802 -0.00863666432221378 0.00239916500513962 -0.0305292167360365 -0.0154411545579563 0.210612689132724 0.0167133055339199 -0.0172184396824773 -0.0273566463342389 0.0155528672804003 -0.0122884087761947 -0.00581487225790702 -0.0191527541351733 -0.00828209131851426
-0.0280651293948691 0.266745576221698 -0.153637893360224 0.0133871866983474 -0.188804775019544 -0.190042360648954 -0.0352876358378589 0.00961301543807975 0.0153559363859123 -0.0351450346787807 -0.0018962268127969 0.0278251999279068 0.0200937991494023 0.0163635531926311 0.148363782587203 0.119318785182347 -0.00495788889756541 -0.0793987926334598 0.0511668082035972 0.0577751308893757
-0.0303224212947727 0.00571382589335217 0.0529585500282408 0.0249389466443509 0.0307543994734053 0.0132199554307817 -0.0193243869715125 0.142551858000747 0.131751325547498 -0.118989489017184 0.0435714410453417 -0.0258721376902718 0.0350140879039371 -0.0296068560144146 0.0151554123712674 -0.0228741537238625 0.0106341135699229 0.0206314997480505 0.00484954113568516 -0.0188407561282117
-0.053960318391631 -0.0705386339741671 -0.0715085689484544 0.102783157085581 -0.0146802785823594 -0.0147434688201568 0.00482723803766617 -0.0204940645709483 -0.016169208222637 0.0094200789540256 0.0037876785067164 -0.106562347886902 -0.0125554905658443 0.00533502080540743 0.0243727446157918 -0.0137970585197829 0.020431388952976 0.0117366748794437 0.0314353177710462 0.0124397898368382
-0.0226891474586252 -0.0199613172958911 -0.0130152038010683 -0.146840461002135 -0.0258543754957421 0.0136169232990387 -0.0291042136346251 0.0200791345090664 -0.000941798304630932 0.0144784128814931 0.00581344115908333 -0.0619792546112161 0.000128783915078474 0.01563468643427 0.0044013383959079 0.00500349382373498 0.00310646896542752 -0.00463197233881954 -0.00102207625603442 -0.00333842690678313
0.00294519297372036 -0.00519908156982722 -0.000352216377171618 0.000328172247289841 -7.01926382155219e-06 -0.00253856592308388 -0.00477501291798331 -0.0053165263329397 0.00273506517342163 -0.00390690121465745 -0.000389058088110191 0.00588749017283317 0.00433869479240134 -0.00463470884622578 -0.00110362637726459 -0.0019561143283711 -0.00409943643963373 0.0039027855115983 -0.00552474730736135 0.00964216731412318
-0.0309176813102666 0.00181100491739625 0.0517364379800171 0.0248281224486318 0.0329096703168077 0.0110786219214233 -0.021492888938355 0.141686222582212 0.137275376282564 -0.11746331764937 0.0442087213795077 -0.0262129028807517 0.0409077226958452 -0.0274307450373124 0.018562108325061 -0.0212789130406516 0.00697731360173842 0.0127429070882926 -0.00906690551866066 -0.0320198202629694
0.00644710486653421 -0.0042944628685304 0.00110444804899743 0.0013616389917277 0.00532830081374432 -0.00577492689434235 -0.0357604233523284 -0.0308199099398289 0.0162827704746013 -0.0125275491680119 0.0108679988219981 -0.000441639130260765 0.000133716319626934 0.00137059741937666 0.00247588922399195 0.0410073722956886 0.0421979983417447 0.03316173425345 -0.033286531567564 0.0393985441339448
0.00427952660845754 -0.00260434423959402 -0.000537561987475221 0.00396714609750438 -0.000126078427807147 -0.00439248526162116 -0.0118690425575254 0.0135335810042477 -0.00717074833949499 0.00939149974280923 -0.000885113797057614 -0.00143975685440115 0.0134050669980319 -0.0178951453999585 0.00144251763248995 -0.0149131060358831 -0.0928795844243207 0.00572196976290299 -0.0451921021521144 0.0471314438466215
-0.01652885105199 0.000788003257814441 0.0327277930430508 -0.00771412536126517 -0.00894206557787319 -0.00754153943573738 0.000975273388314625 -0.028441859831277 -0.0281814854935537 0.0246301784439704 -0.0106794703202886 0.000475230233391853 -0.00870501654901812 6.01295348170091e-05 -0.00506045054800952 0.0204046709291156 -0.00739104977800309 -0.0055239441707704 0.00706030939078562 0.0190195387927281
-0.150403484260433 0.340172106802534 0.0188222735091525 0.0688784021137467 0.0478710667912948 0.109991025168328 0.00553440811174544 0.00147038544446239 -0.00103894260542187 -0.0104264747405965 0.0116950156044048 -0.0336283426307391 -0.0012824040958273 0.0127836968617785 -0.0881537918620668 0.0498145909254081 0.0475225729607038 0.00395134887448067 0.043481973610713 -0.0243213297336678
-0.00395929315734199 0.017328484750195 -0.0119799586812323 -0.00387884635414034 0.113265504745288 0.163141205789487 0.0169928330288143 -0.029114821318015 -0.0370901684949115 0.00733603642621981 -0.0058174053951903 0.00276031759350745 0.0103210339171098 -0.030916124308195 0.176445123177521 0.0148266841765671 0.0155021495795902 -0.0361535526993252 -0.0212944265168406 -0.0147004104312712
-0.023764209951621 -0.007440638488409 -0.0208002468896372 -0.153112148369666 -0.0299384092700257 0.00361909478919231 -0.0247382167680195 0.0214756494647029 0.000692832269089339 0.0119702178839243 0.00902697304885271 -0.0692994989720556 0.00354265496870306 0.0245195183061309 0.0055580952907903 0.038114637411434 -0.00720432481379344 -0.0316022576238849 0.0292518612134868 0.0489440645719227
0.0208466736597666 -0.0180021407215251 0.00409944552478296 0.01516829318534 0.00366764962679337 -0.00804175953588519 -0.053379740938496 0.094711270603743 0.0643826776215252 0.24589972408254 0.0567949416859046 0.0718593058535911 -0.00412071283067526 0.0148651075836897 0.0516551058477171 -0.146123471388487 0.0710853615720473 -0.0192518782552422 0.0232359551348033 0.116340237416221
-0.00549986839323536 0.0418978956488444 -0.0211852253784794 -0.00318969995105335 -0.0447589643912496 -0.0483464641652129 -0.0177080376573397 -0.0207387167661504 -0.0278111591488688 0.0128179195393485 -0.0641551982558555 -0.0210121521591273 0.182493981935791 -0.212799952690107 0.011355578374284 -0.093239681801986 0.0686997700580888 0.0522107365864027 -0.0303196859618446 -0.0719480688376479
0.0218678620353053 -0.0213036056933436 0.0207744948638793 0.0104180106657816 0.0187477050280716 -0.0393296091876831 -0.0688498630755967 0.131011387516221 -0.253500723570255 -0.0721159566299356 0.0636559595728583 0.0126493422648613 0.00520805262529859 0.015879094814453 0.00304569105029778 0.0197195995536683 0.0425501572215541 -0.0128577948294789 0.034707108925002 -0.0448341507386819
0.0113134020655888 -0.0111954666024083 0.00148917330733397 0.0111367896563988 0.00732914149293168 -0.00951504705559309 -0.0405334687425169 0.0766421992122786 0.0516004452683939 0.185644130418301 0.0433597247844148 0.0431939365503283 -0.00212379941163571 -0.0202112761270879 0.0244371550503423 0.0676550863520054 0.0952253838514624 -0.00783139840611288 0.0434459302140586 -0.0796624682767219
-0.0148879233912546 0.00178030626339968 0.035049073253941 0.00414653601519782 -0.005988806042692 -0.00825117352735927 0.00409694178749624 -0.0340747151904834 -0.021250055658232 0.0236760463515167 -0.0125763463855156 -0.00124713192703033 -0.0131146591908264 0.00139229099903611 0.00011006891641048 0.0164395179257751 -0.00419574035919106 -0.00814832647035152 0.00654579133989577 0.00705812870357975
-0.00148718783026181 0.0146254868590236 -0.00731031081404537 0.00441098169041699 0.0107969509424523 0.0138576845420276 0.000481398337650674 -0.00191227862082895 -0.0058122876653596 0.00124831597345876 -0.00250508411423928 -0.00585212660579896 0.00714373553091941 0.00633208630044146 -0.0676137620063409 0.00808486496882812 0.0140563850527024 -0.055691252304447 -0.0272837430761248 0.0115496942886551
-0.0680146259590242 0.00788348399751347 0.145053624077627 0.0203640985440326 -0.0374758456375899 -0.036460679346196 0.0220322452453626 -0.11913382529786 -0.107309371663654 0.0985699847949339 -0.035288352525378 0.0274789053881544 -0.0362939287722181 0.00165077378703487 0.0100950915078297 0.03419757852087 -0.0461702412715111 0.0217877286691499 -0.035838140064659 0.00897131393435757
-0.00422215136364797 0.0182889159781968 -0.0126727082638009 -0.00446031868053269 0.121983345993177 0.175702470490024 0.0185531478833517 -0.0315658494418003 -0.0401996747171401 0.00751350271720109 -0.0064389976721966 0.00291983641954569 0.0105068219184761 -0.0332868308142236 0.188478994890197 0.012669955961799 0.017950289446161 -0.0373272729014386 -0.0235188278842339 -0.0165563752162301
-0.00129653615313879 0.00828073960051371 -0.00539613029400371 -0.00151337646540706 0.0473575565334976 0.0675415730980961 0.00585864584158475 -0.0119921933869162 -0.0181091604482567 0.00263650442286314 -0.000215659741516811 0.00169872288585877 0.00483101377177307 -0.00642857662837913 0.0799535940973558 0.00320471190290989 0.00682732007828387 -0.0110187896310853 -0.0207878497331631 -0.0119518392269736
0.00354615350765238 -0.00369088667569709 -0.000371895944122635 0.00100681210880129 0.00519291474534587 -0.00681206128817339 0.00208923915526107 0.00665797451258813 0.00354191720114359 0.0101190879579469 0.000798308697649866 -0.0121881270932662 -0.0149927425045501 -0.016007099465209 0.00279603128684473 0.0177164142432205 -0.110880450158487 0.0777187710909138 -0.123226854260766 -0.0215191117739631
0.00209169205865383 0.00463652104433124 -0.00117012973687962 -0.00699738144976493 0.0120921902662332 -0.0215088620713804 0.00444806891534183 -0.0159772097916844 0.00433182901336217 -0.00474096932876643 -0.00240146947154978 -0.000273042885115056 0.00311394864246395 0.0151943727998775 -0.00403724352020905 0.0029651274669564 -0.010861503160799 -0.00433314597029472 0.0169612585501841 0.0106294866783842
0.00230008234339183 0.00019652035606159 -0.000817453996794838 0.00182623039124439 0.00157589363305232 -0.00347763236061947 -0.00830630029544921 0.00238537765572957 2.21907049227175e-05 0.00211719274556181 0.00130446485872738 0.000541833831092603 0.00496744200875282 -0.00321906729398041 0.00191311897186752 0.00703168110598884 -0.0326301733419033 -0.0051080057191567 -0.00974719730383793 0.0235558686999028
0.0116889788687055 -0.00637242657418276 -0.000979884564426196 0.014364419602236 0.00343762287919807 -0.0127295073436533 -0.0403270555423215 0.076959356098262 0.0524115767031674 0.18693557829711 0.043055376506882 0.0455131538220695 -0.00120352015408778 -0.0250108854181286 0.026674196595698 0.0708707732988695 0.0978627091408402 -0.00992837173763739 0.0437465515287744 -0.0808498638337852
0.00408374947520062 -0.000796286485745156 -0.000909091059770267 -0.000132249632974685 -0.00099580105757199 -0.00231377922842444 -0.0183377741855813 -0.0139292980118308 0.00447858232836321 -0.00221636533482606 -0.00886373505953485 0.00336225805587944 0.0163812283836313 -0.0184044199370047 -0.00567709262803002 0.000668930698627889 0.00120941900571956 0.0138214417252526 0.032131989709292 -0.0330012911673619
